label,#,URL,filepath,title,authors_attributed,num_characters,num_words,date,google_sentiment_score,google_sentiment_magnitude,msft_sentiment_score
1,641,http://www.conservativeintel.com/2016/10/08/breaking-hillary-calls-bernie-supporters-bucket-losers/,./malicious/f_641_HillaryCallsBernieSu.txt,Hillary Calls Bernie Supporters “Bucket Of Losers” In Secret Goldman Sachs Speech,1,240,40,6/15/2015,-0.3,0.6,0.753251479
1,318,http://www.infowars.com/pharmaceutical-exec-hillary-clinton-has-parkinsons-disease/,./malicious/f_318_PharmaceuticalExecHi.txt,Pharmaceutical Exec: Hillary Clinton Has Parkinsons Disease  Alex Jones Infowars: Theres a war on for your mind,1,4026,603,2/2/2016,-0.1,9.9,0
1,872,http://www.yournewswire.com/hillary-clinton-ordered-waco-massacre-leading-to-76-deaths/,./malicious/f_872_HillaryClintonOrdere.txt,Hillary Clinton Ordered Waco Massacre Leading To 76 Deaths,0,3016,500,3/5/2016,0,8.7,0
1,538,http://www.redstatewatcher.com/article.asp?id=12330,./malicious/f_538_IWasPaid3500ToProtes.txt,“I Was Paid 3500 To Protest Trump’s Rally”,0,1107,188,3/25/2016,0,3.1,0.006838858
1,544,http://www.endingthefed.com/donald-trump-protester-speaks-out-i-was-paid-3500-to-protest-trumps-rally.html,./malicious/f_544_DonaldTrumpProtester.txt,Donald Trump Protester Speaks Out: “I Was Paid 3500 To Protest Trump’s Rally”,0,3746,665,3/25/2016,-0.1,14.1,0.002596909
1,270,http://www.usherald.com/kenya-releases-obama-birth-certificate/,./malicious/f_270_GovernmentOfKenyaHas.txt,Government Of Kenya Has Released Obamas Authentic Birth Certificate ⋆ US Herald,1,1379,225,4/20/2016,0,3.3,0.070025884
1,799,http://www.liberalamerica.org/2016/05/15/ireland-is-seriously-accepting-trump-refugees-from-the-u-s-heres-why/,./malicious/f_799_IrelandIsSeriouslyAc.txt,Ireland Is Seriously Accepting Trump Refugees From The US -- Heres Why,1,2101,371,5/15/2016,0.1,7.2,0.999987453
1,804,http://www.zgarlic.com/politics/sperm-whales-found-dead-florida-stomachs-full-uncounted-bernie-sanders-ballots/,./malicious/f_804_SpermWhalesFoundDead.txt,Sperm Whales Found Dead In FL Stomachs Full Of Uncounted Bernie Sanders Ballots,0,679,109,5/26/2016,0.1,1.3,0.971208325
1,545,http://www.redalertpolitics.com/2016/06/07/actor-paid-3500-protest-trump-rally-names-paid/,./malicious/f_545_ActorIwaspaid3500top.txt,Actor: I was paid 3500 to protest a Trump rally (he names who paid him too),1,1946,328,6/7/2016,-0.2,7.6,0
1,233,http://www.truthfeed.com/why-title-18-section-2071-could-disqualify-crooked-hillary-crush-her-white-house-dreams/6331/,./malicious/f_233_WhyTitle18Section207.txt,Why Title 18 Section 2071 Could DISQUALIFY Hillary  Crush Her White House Dreams – TruthFeed,0,788,136,6/8/2016,-0.1,2.7,0.968909502
1,822,http://www.empirenews.net/monica-lewinsky-says-she-is-voting-for-hillary-clinton/,./malicious/f_822_MonicaLewinskySaysSh.txt,Monica Lewinsky Says She Is Voting For Hillary Clinton,1,1058,176,7/30/2016,0,2.5,0.844889657
1,31,http://www.100percentfedup.com/wikileaks-proves-hillary-gave-weapons-isis/,./malicious/f_31_WIKILEAKSPROVESHillar.txt,WIKILEAKS PROVES Hillary Gave Weapons To ISIS  100percentfedUpcom,1,1607,263,7/31/2016,-0.2,6.3,0.011627286
1,784,http://www.breitbart.com/2016-presidential-race/2016/08/01/clinton-cash-khizr-khans-deep-legal-financial-connections-saudi-arabia-hillarys-clinton-foundation-connect-terror-immigration-email-scandals/,./malicious/f_784_ClintonCashKhizrKhan.txt,Clinton Cash: Khizr Khan’s Deep Legal Financial Connections to Saudi Arabia Hillary’s Clinton Foundation Tie Terror Immigration Email Scandals Together,1,12176,1939,8/1/2016,-0.1,31.9,0.818765998
1,835,http://www.departed.co/developing-obama-wh-admits-hillary-gave-isis-400-million-accident,./malicious/f_835_ObamaWHadmitsthatHil.txt,Obama WH admits that Hillary gave ISIS 400 million on accident,0,1895,346,8/1/2016,-0.1,10.4,0.999925256
1,7,http://www.theduran.com/julian-assange-says-1700-emails-hillary-clintons-collection-proves-sold-weapons-isis-syria/,./malicious/f_7_JulianAssangesays1700e.txt,Julian Assange says 1700 emails in Hillary Clinton’s collection proves she sold weapons to ISIS in Syria [Video],1,1489,228,8/1/2016,-0.3,4.6,0.137017593
1,473,http://www.politicususa.com/2016/08/02/trump-kicked-baby-rally-clinton-elected-president.html,./malicious/f_473_WhenTrumpKickedABaby.txt,When Trump Kicked A Baby Out Of His Rally He Got Hillary Clinton Elected President,1,2125,365,8/2/2016,0,5.8,0.023007348
1,474,http://www.politicususa.com/2016/08/02/trump-kicked-baby-rally-unhinged-gop-nominee-hits.html,./malicious/f_474_TrumpJustKickedABaby.txt,Trump Just Kicked A Baby Out Of His Rally As Unhinged GOP Nominee Hits New Low,1,1420,249,8/2/2016,0,6.4,0.001460891
1,475,http://www.politicususa.com/2016/08/02/kicking-baby-rally-trump-change-subject-clintons-emails.html,./malicious/f_475_AfterKickingBabyOutO.txt,After Kicking Baby Out Of Rally Trump Tries To Change The Subject To Clintons Emails,1,2427,402,8/2/2016,-0.3,10.2,0
1,476,http://www.people.com/article/donald-trump-kicks-out-crying-baby-rally,./malicious/f_476_DonaldTrumpKicksOutC.txt,Donald Trump Kicks Out Crying Baby at Rally,1,1017,180,8/2/2016,0.2,8.2,0.060533341
1,477,http://www.occupydemocrats.com/2016/08/02/shock-donald-trump-kicks-baby-speech-crying/,./malicious/f_477_DonaldTrumpKicksBaby.txt,Donald Trump Kicks Baby Out of Speech for Crying,1,1982,332,8/2/2016,0,4.5,0.001518814
1,482,http://www.dailydot.com/unclick/trump-kicks-baby-out-rally-sarcasm/,./malicious/f_482_DonaldTrumpactuallyk.txt,Donald Trump actually kicked a baby out of his rally,1,1783,308,8/2/2016,0,7.7,0.001579614
1,489,http://www.kdvr.com/2016/08/02/trump-has-crying-baby-kicked-out-from-virginia-rally/,./malicious/f_489_Trumphascryingbabyki.txt,Trump has crying baby kicked out of Virginia rally,1,1071,193,8/2/2016,0.2,9.1,0.006932437
1,496,http://www.khou.com/news/politics/elections/donald-trump-kicks-crying-baby-out-of-rally/286188509,./malicious/f_496_DonaldTrumpkickscryi.txt,Donald Trump kicks crying baby out of rally,1,935,165,8/2/2016,0.1,7.8,0.001595641
1,501,http://www.nypost.com/2016/08/02/trump-loves-crying-baby-then-kicks-it-out-of-his-rally/,./malicious/f_501_Trumplovescryingbaby.txt,Trump loves crying baby then kicks the tot out of his rally,0,1711,323,8/2/2016,0.2,8.5,0.006258023
1,502,http://www.fox17online.com/2016/08/02/trump-has-crying-baby-kicked-out-of-virginia-rally/,./malicious/f_502_Trumphascryingbabyki.txt,Trump has crying baby kicked out of Virginia rally,1,862,160,8/2/2016,0.3,6,0.013617568
1,483,https://www.rt.com/viral/354401-trump-kicks-baby-out/,./malicious/f_483_Trumpkicksbabyoutofr.txt,Trump kicks baby out of rally moments after telling mother he liked its crying (VIDEO) — RT Viral,0,1765,307,8/2/2016,0.1,8.5,0
1,40,https://www.conservativedailypost.com/hacked-emails-prove-hillary-sold-weapons-to-terrorists-worse-than-you-think/,./malicious/f_40_HackedEmailsProveHill.txt,Hacked Emails Prove Hillary Sold Weapons To Terrorists Worse Than You Think,1,3578,575,8/2/2016,-0.3,14.7,0
1,478,http://www.nydailynews.com/news/politics/donald-trump-kicks-crying-baby-rally-article-1.2735605,./malicious/f_478_SEEITDonaldTrumpkick.txt,SEE IT: Donald Trump kicks crying baby out of rally,1,1621,271,8/2/2016,0.2,10.6,0.00552385
1,480,http://www.rawstory.com/2016/08/cnn-reporter-the-crowd-enjoyed-it-when-donald-trump-kicked-baby-out-of-rally/,./malicious/f_480_Thecrowdenjoyeditwhe.txt,‘The crowd enjoyed it’ when Donald Trump kicked baby out of rally,1,1456,251,8/2/2016,0.2,7.9,0.035375059
1,77,https://www.ihavethetruth.com/2016/08/03/proof-hillary-clinton-sold-weapons-isis/,./malicious/f_77_ProofHillaryClintonSo.txt,Proof Hillary Clinton Sold Weapons to ISIS in Syria [Video],1,1714,284,8/3/2016,-0.3,6.8,0.023173323
1,181,http://www.yournewswire.com/kurt-cobain-predicted-a-donald-trump-presidency/,./malicious/f_181_KurtCobainPredictedA.txt,Kurt Cobain Predicted A Donald Trump Presidency,0,1678,283,8/3/2016,0,4.6,0
1,499,http://www.dailyo.in/variety/donald-trump-baby-cry-rally-mother-virginia-presidential-elections/story/1/12161.html,./malicious/f_499_WhenDonaldTrumpkicke.txt,When Donald Trump kicked a crying baby out of his rally,0,3687,604,8/3/2016,0,16.7,0.003396882
1,491,http://www.huffingtonpost.co.uk/entry/donald-trump_uk_57a0ca28e4b0459aae5e9335,./malicious/f_491_DonaldTrumpJustKicke.txt,Donald Trump Just Kicked A Baby Out Of His Virginia Rally,1,1745,297,8/3/2016,0.2,13.5,0.219623851
1,492,https://www.buzzfeed.com/tasneemnashrulla/get-that-baby-outta-here,./malicious/f_492_DonaldTrumpKickedACr.txt,Donald Trump Kicked A Crying Baby Out Of His Rally,1,788,138,8/3/2016,0.3,7.1,0
1,500,http://www.sbs.com.au/news/article/2016/08/03/get-baby-out-here-trump-kicks-crying-infant-out-rally,./malicious/f_500_GetthebabyoutofhereT.txt,Get the baby out of here: Trump kicks crying infant out of rally,1,1743,298,8/3/2016,0.1,7.8,0
1,50,http://www.dailyheadlines.net/2016/08/hillary-clinton-sold-weapons-to-isis-asserts-wikileaks/,./malicious/f_50_HillaryClintonSoldWea.txt,Hillary Clinton Sold Weapons To ISIS Asserts Wikileaks – Daily Headlines,1,1723,291,8/4/2016,-0.3,4.7,0.998197138
1,63,http://www.nevo.news/index.php/2016/08/04/wikileaks-confirms-hillary-sold-weapons-to-isis-then-drops-another-bombshell/,./malicious/f_63_WikiLeaksCONFIRMSHill.txt,WikiLeaks CONFIRMS Hillary Sold Weapons to ISIS… Then Drops Another BOMBSHELL – Nevo News,0,1710,271,8/4/2016,-0.1,5.4,0.909165949
1,821,http://www.creambmp.com/2016/08/04/trump-donates-50k-charleston-shooter-family-move-safer-prison-nobody-deserves-tortured-no-reason-not-even-mexicans/,./malicious/f_821_TrumpDonates50ktoCha.txt,Trump Donates 50k to Charleston Shooter Family to Move Him to Safer Prison,0,563,98,8/4/2016,0,2.7,0.011615699
1,10,http://www.thefederalistpapers.org/us/wikileaks-claim-hillary-gave-weapons-to-isis,./malicious/f_10_WIKILEAKSCLAIMHillary.txt,WIKILEAKS CLAIM: Hillary Gave Weapons To ISIS,1,4226,698,8/4/2016,-0.1,11.7,0
1,28,http://www.youngcons.com/wikileaks-assert-hillary-sold-weapons-to-isis-possibly-perjuring-herself/,./malicious/f_28_WikiLeaksAssertHillar.txt,WikiLeaks Assert Hillary Sold Weapons to ISIS and it Gets WORSE,1,3154,486,8/4/2016,-0.1,7.8,0.983052135
1,29,http://www.angrypatriotmovement.com/hillary-sold-weapons-to-terrorists/,./malicious/f_29_WikiLeaksRevealsHilla.txt,WikiLeaks Reveals Hillary Sold Weapons to ISIS But It Gets Even WORSE,0,3426,572,8/4/2016,-0.2,10,0.023734564
1,291,http://www.burrardstreetjournal.com/obama-moving-to-canada/,./malicious/f_291_ObamaDeclaresHisFami.txt,Obama Declares His Family Will Move To Canada If Trump Is Elected,1,2009,328,8/5/2016,0,5.2,0.999993563
1,176,http://www.cooltobeconservative.com/2016/08/kurt-cobains-chilling-1993-prediction-about-donald-trump-will-give-you-goosebumps/,./malicious/f_176_KurtCobainsChilling1.txt,Kurt Cobains Chilling 1993 Prediction About Donald Trump Will Give You Goosebumps,1,1247,223,8/6/2016,0.1,4.2,0.998694658
1,250,http://www.ijr.com/2016/08/671676-bill-and-hillary-clinton-give-96-of-their-charitable-donations-to-their-own-foundation/,./malicious/f_250_BillandHillaryClinto.txt,Bill and Hillary Clinton Give 96 of Their Charitable Donations to Their Own Foundation,1,2535,396,8/6/2016,0,9.8,0.988236815
1,829,http://www.prntly.com/2016/08/06/developing-obama-wh-admits-that-hillary-gave-isis-400-million-on-accident/,./malicious/f_829_DevelopingObamaWHadm.txt,Developing: Obama WH admits that Hillary gave ISIS 400 million on accident,0,2949,528,8/6/2016,0,12.7,0.999999732
1,308,http://www.pundittoday.com/hurray-obama-declares-family-will-move-canada-trump-elected/,./malicious/f_308_HurrayObamaDeclaresH.txt,Hurray Obama Declares His Family Will Move To Canada If Trump Is Elected ~ Pundit Today,1,762,121,8/7/2016,-0.2,1.4,0.999569952
1,505,http://www.thedailybeast.com/articles/2016/08/08/nambla-becomes-donald-trump-s-birther-moment.html,./malicious/f_505_NAMBLABecomesDonaldT.txt,NAMBLA Becomes Donald Trump’s Birther Moment,1,4800,832,8/8/2016,0,17.9,0.994730115
1,506,http://www.bipartisanreport.com/2016/08/08/internet-sources-reveal-trump-hides-tax-returns-because-of-donations-to-nambla/,./malicious/f_506_InternetSourcesRevea.txt,Internet Sources Reveal Trump Hides Tax Returns Because Of Donations To NAMBLA,1,5621,946,8/8/2016,0,27.5,0.000134704
1,620,http://www.funkydineva.com/mega-church-pastor-creflo-steal-yo-dollar-says-god-told-endorse-donald-trump/,./malicious/f_620_MegaChurchPastorCref.txt,Mega Church Pastor Creflo “Steal Yo” Dollar Says God Told Him To Endorse Donald Trump,1,1363,253,8/8/2016,0,5,0.999813497
1,830,http://www.myfreshnews.com/developing-obama-wh-admits-hillary-gave-isis-400-million-accident,./malicious/f_830_DevelopingObamaWHadm.txt,Developing: Obama WH admits that Hillary gave ISIS 400 million by accident,0,2364,428,8/8/2016,-0.2,9.6,0
1,504,http://www.deathandtaxesmag.com/299570/trump-nambla-rumors-reddit-bot/,./malicious/f_504_Lotsofveryreputablep.txt,Lots of very reputable people are talking and they’re saying Donald Trump donated to NAMBLA,0,5140,911,8/8/2016,-0.1,17.2,0
1,338,http://www.prntly.com/2016/08/09/new-anonymous-leaked-medical-records-of-hillary-may-confirm-early-stage-dementia/,./malicious/f_338_NewanonymousLeakedMe.txt,New anonymous Leaked Medical records of Hillary may confirm early stage dementia,0,3650,607,8/9/2016,0,6.6,0.981136829
1,343,https://www.ihavethetruth.com/2016/08/09/breaking-fox-news-releases-hillary-clintons-medical-records-what-is-she-hiding/,./malicious/f_343_BREAKINGFoxNewsRelea.txt,BREAKING: Fox News Releases Hillary Clintons Medical Records- What Is She Hiding?,1,2689,471,8/9/2016,-0.1,9.2,0
1,503,http://www.nymag.com/daily/intelligencer/2016/08/many-people-are-saying-donald-trump-donated-to-nambla.html,./malicious/f_503_ManyPeopleAreSayingD.txt,Many People Are Saying Donald Trump Donated to NAMBLA,1,4835,825,8/9/2016,-0.1,15.9,0.917548329
1,347,http://www.allnewspipeline.com/Hillary_Clinton_Medical_Records_Released.php,./malicious/f_347_HillaryClintonMedica.txt,Hillary Clinton Medical Records Leaked? Dementia Partial Seizures Noted On Alleged Leaked Docs,0,5506,830,8/9/2016,-0.2,16.4,0
1,326,http://www.truthandaction.org/pharmaceutical-exec-hillary-has-unmistakable-signs-of-parkinsons-disease/,./malicious/f_326_PharmaceuticalExecHi.txt,Pharmaceutical Exec: Hillary has unmistakable signs of Parkinsons disease,0,2047,312,8/10/2016,-0.2,5.7,0
1,339,http://www.dcclothesline.com/2016/08/10/bombshell-hillary-clinton-has-dementia-according-to-leaked-medical-records/,./malicious/f_339_BombshellHillaryClin.txt,Bombshell: Hillary Clinton has dementia according to leaked medical records,1,4989,769,8/10/2016,0,15.2,0
1,344,http://www.usapoliticstoday.com/breaking-fox-news-just-leaked-hillarys-medical-records-omg-not-good/,./malicious/f_344_SeanHannityJustLeake.txt,Sean Hannity Just Leaked Hillarys Medical Records ⋆ USA Politics Today,1,1045,177,8/10/2016,-0.1,6.1,0.118609898
1,348,http://www.redstatewatcher.com/article.asp?id=32740,./malicious/f_348_HillarysMedicalRecor.txt,Hillarys Medical Records Are Finally Revealed And They Are Devastating,0,1640,292,8/10/2016,0,6.4,0
1,22,http://www.inquisitr.com/3408741/wikileaks-says-they-have-1700-emails-proving-hillary-clinton-knew-about-u-s-military-weapons-shipments-to-al-qaeda-and-isis/,./malicious/f_22_WikileaksSaysTheyHave.txt,Wikileaks Says They Have 1700 Emails Proving Hillary Clinton Knew About US Military Weapons Shipments To Al Qaeda And ISIS,1,3915,629,8/11/2016,-0.3,11.1,0.000168315
1,335,http://www.breitbart.com/tech/2016/08/11/pharma-exec-martin-shkreli-believe-hillary-clinton-parkinsons-disease/,./malicious/f_335_HatedPharmaExecMarti.txt,Hated Pharma Exec Martin Shkreli: I Believe Hillary Clinton Has Parkinsons Disease,1,3373,548,8/11/2016,0,13.9,0.106916539
1,694,http://www.newyorker.com/humor/borowitz-report/trump-blasts-media-for-reporting-things-he-says,./malicious/f_694_TrumpBlastsMediaforR.txt,Trump Blasts Media for Reporting Things He Says,1,1185,203,8/11/2016,-0.1,2.5,0.846075113
1,340,http://www.bients.com/hillary-clinton-medical-records-leaked-dementia-seizures-black-outs/,./malicious/f_340_HillaryClintonMEDICA.txt,Hillary Clinton MEDICAL RECORDS Leaked Dementia Seizures Black-outs,0,4533,699,8/11/2016,0,13.5,0.000363738
1,341,http://www.conservativetribune.com/hillary-bad-news-medical-records/,./malicious/f_341_HillaryGetsBadNewsAb.txt,Hillary Gets Bad News About Her Medical Records,1,2474,387,8/11/2016,-0.2,6.2,0.999838293
1,249,http://www.mediaite.com/election-2016/96-of-the-clintons-2015-charitable-donations-were-to-the-clinton-foundation/,./malicious/f_249_96oftheClintons2015C.txt,96 of the Clintons’ 2015 Charitable Donations Were to Clinton Foundation,1,1858,282,8/12/2016,0,6.4,0.999984562
1,251,http://www.dailycaller.com/2016/08/12/96-percent-of-hillarys-charitable-donations-in-2015-went-to-clinton-foundation/,./malicious/f_251_96PercentOfHillarysC.txt,96 Percent Of Hillarys Charitable Donations Went To Clinton Foundation,0,5243,833,8/12/2016,-0.1,15.9,1
1,256,http://www.bizpacreview.com/2016/08/12/hillarys-newly-released-tax-forms-show-almost-charitable-donations-went-clinton-foundation-378120,./malicious/f_256_Hillarysnewlyrelease.txt,Hillary’s newly released tax forms show almost all ‘charitable donations’ went to the Clinton Foundation,1,1183,202,8/12/2016,-0.1,5.4,0.057164598
1,258,http://www.theblaze.com/stories/2016/08/12/clinton-releases-2015-tax-returns-heres-where-96-percent-of-their-charitable-donations-went/,./malicious/f_258_ClintonReleases2015T.txt,Clinton Releases 2015 Tax Returns — Here’s Where 96 Percent of Their Charitable Donations Went – TheBlaze,1,1962,303,8/12/2016,-0.1,5.9,0.999972582
1,261,http://www.americasfreedomfighters.com/2016/08/12/tax-returns/,./malicious/f_261_96OfHillarysCharitab.txt,96 Of Hillary’s Charitable Donations Went To 1 “Charity”,1,2627,455,8/12/2016,0,6.9,1
1,263,https://www.pjmedia.com/trending/2016/08/12/almost-all-of-hillary-clintons-charitable-donations-went-to-this-one-organization/,./malicious/f_263_96ofClintoncharitabl.txt,96 of Clinton charitable donations went to the Clinton Foundation,0,2595,417,8/12/2016,-0.1,8,0.999880999
1,252,http://www.conservativetribune.com/hillarys-donations-1-charity/,./malicious/f_252_96OfHillarysCharitab.txt,96 Of Hillarys Charitable Donations Went To 1 Charity,1,2320,375,8/12/2016,-0.6,8.7,0.999442697
1,254,http://www.chicksontheright.com/hillary-clinton-gave-96-of-her-charitable-donations-to-hillary-clinton/,./malicious/f_254_HillaryClintonGave96.txt,Hillary Clinton Gave 96 Of Her Charitable Donations To Hillary Clinton,1,1931,319,8/12/2016,0,8,0.226030007
1,262,http://www.politistick.com/hillary-clinton-released-tax-returns-contributions-charity-dirty/,./malicious/f_262_96PercentofHillaryCl.txt,96 Percent of Hillary Clintons Charitable Donations Went to Her Own Slush Fund,1,2521,402,8/12/2016,-0.3,6.7,0.005046627
1,267,http://www.westernjournalism.com/tax-returns-show-the-destination-of-the-clintons-charitable-donations/,./malicious/f_267_TaxReturnsShowTheDes.txt,Tax Returns Show The Destination Of The Clintons Charitable Donations,1,2529,393,8/12/2016,-0.4,10.2,0.996732801
1,269,http://www.clashdaily.com/2016/08/lmao-nearly-100-hillarys-charitable-donations-went-shady-non-profit/,./malicious/f_269_LMAONearly100OfHilla.txt,LMAO: Nearly 100 Of Hillarys CHARITABLE Donations Went To This SHADY Non-Profit ⋆ Doug Giles ⋆ #ClashDaily,1,1082,175,8/12/2016,0,5.8,0.99952504
1,321,http://www.thegatewaypundit.com/2016/08/breaking-top-physician-hillary-clinton-parkinsons-disease/,./malicious/f_321_HillaryClintonHasPar.txt,Hillary Clinton Has Parkinsons Disease,1,4624,743,8/12/2016,-0.1,17.7,0.041818943
1,324,http://www.100percentfedup.com/can-hillary-lie-way-one-physician-says-hillary-parkinsons-disease-hillary-admits-couldnt-even-get-convention/,./malicious/f_324_CANHILLARYLIEHERWAYO.txt,CAN HILLARY LIE HER WAY OUT OF THIS ONE? PHYSICIAN Says Hillary Has Parkinsons DiseaseHillary Admits She Couldnt Even Get Up After Convention  100percentfedUpcom,1,5351,867,8/12/2016,-0.1,18.7,0.096978359
1,255,https://www.ihavethetruth.com/2016/08/13/caught-clintons-found-giving-96-of-charitable-donations-to-their-own-foundation/,./malicious/f_255_CAUGHTClintonsFoundG.txt,CAUGHT Clintons Found Giving 96 Of Charitable Donations To Their OWN Foundation,1,1626,270,8/13/2016,-0.2,8.8,0.019532558
1,275,http://www.patriothangout.com/breaking-proof-surfaces-obama-born-kenya-trump-right-along/,./malicious/f_275_WATCHVIDEOSurfacesOF.txt,WATCH: VIDEO Surfaces OF OBAMAS FAMILY Saying He WAS BORN IN KENYA – TRUMP WAS RIGHT All Along… -,0,514,92,8/13/2016,0,1.7,0.925500334
1,257,http://www.rightwingnews.com/hillary-clinton-2/clintons-caught-giving-96-charitable-donations-foundation/,./malicious/f_257_ClintonsCaughtGiving.txt,Clintons Caught Giving 96 Of Charitable Donations To OWN Foundation,1,2767,459,8/13/2016,-0.2,11.4,0.002674558
1,260,http://www.americanlookout.com/shocker-the-clintons-give-most-of-their-charitable-donations-to-their-own-foundation/,./malicious/f_260_TheClintonsGiveMosto.txt,The Clintons Give Most of Their Charitable Donations To Their Own Foundation – American Lookout,0,1037,175,8/13/2016,-0.3,4.3,0.996871591
1,266,http://www.freedomdaily.com/hillary-clinton-charitable-donations/,./malicious/f_266_YouWontBelieveWhereH.txt,You Wont Believe Where Hillary Clinton Gave 96 Of Her Charitable Donations To… ((Drum Roll)) ⋆ Freedom Daily,0,1990,340,8/13/2016,-0.2,8.5,0.925652146
1,278,http://www.consciouslyenlightened.com/22996-2/,./malicious/f_278_BREAKINGProofSurface.txt,BREAKING: Proof Surfaces That Obama Was Born In KENYA – Trump Was Right All Along…,1,757,141,8/14/2016,-0.1,1.8,0.13211543
1,408,http://www.en-volve.com/2016/08/14/huge-latest-abc-news-poll-shows-trump-beating-clinton-by-landslide/,./malicious/f_408_HUGELatestABCNewsPol.txt,HUGE Latest ABC News Poll Shows Trump Beating Clinton By Landslide,0,79,14,8/14/2016,-0.5,0.5,0.859910081
1,537,http://www.zootfeed.com/2016/08/17/donald-trump-protester-speak-out-i-was-paid-3500-to-protest-trumps-raly/,./malicious/f_537_DonaldTrumpProtester.txt,Donald Trump Protester Speaks Out: “I Was Paid 3500 To Protest Trump’s Rally”,1,2682,478,8/17/2016,0,11.1,0.039083794
1,435,http://www.washingtontimes.com/news/2016/aug/22/fact-checking-media-yes-clinton-machine-did-start-/,./malicious/f_435_Factcheckingthemedia.txt,Fact checking the media -- yes the Clinton machine did start the birther movement,1,3128,541,8/18/2016,-0.1,13.1,0.01171876
1,619,http://www.wordondastreet.com/creflo-dollar-says-god-told-endorse-donald-trump-god-apologized-trumps-mixed-messages/,./malicious/f_619_CrefloDollarSaysGodT.txt,Creflo Dollar Says God Told Him To Endorse Donald Trump  That God Apologized for Trump’s ‘Mixed Messages’,1,1302,231,8/19/2016,0,5.9,0.999946833
1,231,http://www.myfreshnews.com/hillary-clinton-legally-disqualified-holding-office-united-states,./malicious/f_231_HILLARYCLINTONISLEGA.txt,HILLARY CLINTON IS LEGALLY “DISQUALIFIED FROM HOLDING ANY OFFICE UNDER THE UNITED STATES”,0,934,154,8/20/2016,-0.4,1.2,0.001886791
1,871,http://www.liberalamerica.org/2016/08/21/breaking-sarah-palin-praises-trump-real-man-not-wimpy-tweet/,./malicious/f_871_SarahPalinPraisesTru.txt,Sarah Palin Praises Trump For Being A Real Man Not Wimpy (TWEET),1,2236,359,8/21/2016,0.1,7.6,0.953398973
1,180,http://www.prntly.com/2016/08/22/uncovered-nirvana-rocker-kurt-cobain-predicted-trump-presidency-in-his-93-suicide-diary/,./malicious/f_180_UncoveredNirvanarock.txt,Uncovered: Nirvana rocker Kurt Cobain predicted Trump presidency in his 93 suicide diary,0,716,113,8/22/2016,0.2,4.3,0.817134291
1,330,https://www.truthkings.com/martin-shkreli-insists-hillary-clinton-parkinsons-disease/,./malicious/f_330_MartinShkreliInsists.txt,Martin Shkreli Insists Hillary Clinton Has Parkinsons Disease,1,1959,303,8/23/2016,0,6.7,0.000124537
1,617,http://www.centrictv.com/news-views/centric-news/articles/2016/08/24/creflo-dollar-says-god-told-him-to-endorse-donald-trump.html,./malicious/f_617_CrefloDollarSaysGodT.txt,Creflo Dollar Says God Told Him To Endorse Donald Trump,1,506,78,8/24/2016,0,1.8,0.992269754
1,440,http://www.dailycaller.com/2016/08/25/hillary-whose-supporters-started-the-birther-movement-blames-trump/,./malicious/f_440_WhoStartedTheBirther.txt,Who Started The Birther Movement? Hillary Clinton Supporters,1,1518,241,8/25/2016,0,4.4,0.965772301
1,461,http://www.newyorker.com/humor/borowitz-report/pence-recaptured-after-fleeing-trump-campaign-bus,./malicious/f_461_PenceRecapturedAfter.txt,Pence Recaptured After Fleeing Trump Campaign Bus,1,1613,258,8/26/2016,-0.2,4.1,0
1,861,http://www.politicops.com/stephen-bannon-nobody-can-blame-beating-wife-love/,./malicious/f_861_StephenBannonNobodyC.txt,Stephen Bannon: “Nobody Can Blame You For Beating Your Wife If It’s Out Of Love”,1,2915,516,8/26/2016,-0.1,9.6,0
1,539,http://www.nevo.news/index.php/2016/08/28/donald-trump-protester-speaks-out-i-was-paid-3500-to-protest-trumps-rally/,./malicious/f_539_IWasPaid3500ToProtes.txt,“I Was Paid 3500 To Protest Trump’s Rally” – Nevo News,0,7421,1305,8/28/2016,-0.1,29.2,0.930476427
1,281,http://www.americanpoliticnews.com/news/denzel-washington-switches-trump-shocks-hollywood-speaks-obama/,./malicious/f_281_DenzelWashingtonSwit.txt,Denzel Washington Switches to Trump Shocks Hollywood- Speaks Out Against Obama,0,1224,197,8/29/2016,0.2,4.9,0.999470651
1,859,http://www.bipartisanreport.com/2016/08/29/bill-maher-and-michael-moore-raid-donald-trumps-plane-to-steal-his-tax-returns-images/,./malicious/f_859_BillMaherAndMichaelM.txt,Bill Maher And Michael Moore Raid Donald Trumps Plane To Steal His Tax Returns (IMAGES),1,2012,334,8/29/2016,0.1,5.4,0.187290385
1,556,http://www.americanjournalreview.com/hillary-clinton-campaign-busted-using-green-screen-insert-fake-audiences-fake-campaign-rallies/,./malicious/f_556_HillaryClintonCampai.txt,Hillary Clinton Campaign BUSTED USING “GREEN SCREEN” To INSERT FAKE AUDIENCES At FAKE CAMPAIGN RALLIES – American Journal Review,0,846,144,9/2/2016,-0.3,5.5,0
1,897,http://www.ipatriot.com/obama-lost-every-state-required-photo-id/,./malicious/f_897_ObamaLostEVERYSTATEt.txt,Obama Lost EVERY STATE that Required Photo ID,1,1828,320,9/2/2016,-0.4,10.4,0
1,886,http://www.theintellectualist.co/trump-education-plan-lead-firing-nearly-500000-teachers/,./malicious/f_886_TrumpEducationPlanWo.txt,Trump Education Plan Would Lead To The Firing Of Nearly 500000 Teachers,1,763,119,9/3/2016,0.1,1.3,0.028389644
1,725,http://www.thefederalistpapers.org/us/cbs-reporter-tweets-then-quickly-deletes-that-hillary-clinton-might-drop-out,./malicious/f_725_CBSReporterTweetsTha.txt,CBS Reporter Tweets That Hillarys About To Drop Out Of Race,1,2074,324,9/4/2016,0,9.8,0.025593506
1,726,http://www.endingthefed.com/just-in-cbs-news-tweets-that-hillary-clinton-may-drop-out-of-presidential-race.html,./malicious/f_726_JUSTINCBSNewsTweetsT.txt,JUST IN: CBS News Tweets That Hillary Clinton May Drop Out Of Presidential Race…,0,1251,204,9/4/2016,0,5.8,0
1,727,http://www.freedomdaily.com/cbs-reporter-tweets-hillarys-drop-race/,./malicious/f_727_CBSReporterTweetsTha.txt,CBS Reporter Tweets That Hillarys About To Drop Out Of Race ⋆ Freedom Daily,0,2989,492,9/4/2016,-0.2,14.6,0
1,439,http://www.ijr.com/2016/09/690978-nyt-writer-before-you-point-fingers-at-trump-remember-clinton-supporters-started-birther-movement/,./malicious/f_439_BeforeYouPointFinger.txt,Before You Point Fingers at Trump Remember Clinton Supporters Started Birther Movement,1,1673,259,9/6/2016,-0.3,4.8,0.050344199
1,211,http://www.redstatewatcher.com/article.asp?id=36682,./malicious/f_211_VideoofHillaryClinto.txt,Video of Hillary Clintons earpiece reflecting in light during Commander-in-Chief Forum,0,320,45,9/7/2016,0,2.1,0.932592089
1,205,http://www.infowars.com/was-hillary-wearing-an-earpiece-during-last-nights-presidential-forum/,./malicious/f_205_WasHillaryWearinganE.txt,Was Hillary Wearing an Earpiece During Last Nights Presidential Forum?  Alex Jones Infowars: Theres a war on for your mind,1,3705,557,9/8/2016,-0.1,13.6,0.01806041
1,206,http://www.truthfeed.com/busted-report-says-hillary-was-wearing-invisible-earpiece-to-receive-stealth-coaching-during-live-nbc-town-hall-hillarysearpiece/22178/,./malicious/f_206_BUSTEDReportSaysHill.txt,BUSTED Report Says Hillary Was Wearing “Invisible” Earpiece To Receive Stealth Coaching During NBC Forum – TruthFeed,0,2984,484,9/8/2016,0,9.5,0.987136126
1,209,http://www.prntly.com/2016/09/08/hillary-caught-wearing-an-earpiece-during-the-nbc-news-forum/,./malicious/f_209_HillaryCaughtWearing.txt,Hillary Caught Wearing an EARPIECE During the NBC News Forum?,0,1200,199,9/8/2016,0,8.6,0.925139695
1,214,http://www.hannity.com/articles/election-493995/photos-was-hillary-wearing-an-earpiece-15087740/,./malicious/f_214_PHOTOSWasHillaryWear.txt,PHOTOS: Was Hillary Wearing An Earpiece At Last Nights Forum?,0,1283,182,9/8/2016,0,4.1,0.8947554
1,210,http://www.wnd.com/2016/09/hillary-wearing-earpiece-during-presidential-forum/,./malicious/f_210_Hillarywearingearpie.txt,Hillary wearing earpiece during presidential forum?,0,551,88,9/8/2016,-0.5,2,0.758048396
1,95,http://www.yesimright.com/hillary-clinton-caught-cheating-with-an-earpiece-at-last-nights-debate/,./malicious/f_95_HillaryClintonCAUGHTC.txt,Hillary Clinton CAUGHT CHEATING With An EARPIECE At Last Night’s Debate,1,1610,260,9/8/2016,-0.1,7.1,0.029342609
1,96,http://www.naturalnews.com/055233_ear_piece_Hillary_Clinton_presidential_debate.html,./malicious/f_96_HillarytheCHEATClinto.txt,Hillary the CHEAT Clinton caught wearing covert earpiece during last nights debate with Trump brazen dishonesty on display yet again,0,3884,622,9/8/2016,-0.6,9.5,0
1,207,http://www.celebrityhealthfitness.com/40833/hillarys-earpiece-nypd-sources-say-clinton-coached-forum/,./malicious/f_207_NYPDSourcesSayClinto.txt,NYPD Sources Say Clinton Was Coached During NBC Forum,1,3886,602,9/8/2016,-0.3,13.2,0
1,213,http://www.eheadlines.com/was-hillary-wearing-an-earpiece-during-last-nights-presidential-forum/,./malicious/f_213_WASHILLARYWEARINGANE.txt,WAS HILLARY WEARING AN EARPIECE DURING LAST NIGHT’S PRESIDENTIAL FORUM?,1,1648,260,9/8/2016,-0.4,5.9,0.783091784
1,894,http://www.thefederalistpapers.org/us/71-of-doctors-say-hillary-health-concerns-serious-could-be-disqualifying,./malicious/f_894_71ofDoctorsSayHillar.txt,71 of Doctors Say Hillary Health Could be Disqualifying,1,2860,443,9/8/2016,-0.2,6.6,0.147067115
1,895,http://www.thegatewaypundit.com/2016/09/breaking-71-doctors-say-hillary-health-concerns-serious-possibly-disqualifying/,./malicious/f_895_71ofDoctorsSayHillar.txt,71 of Doctors Say Hillary Health Concerns Serious Possibly Disqualifying,1,1553,250,9/8/2016,-0.3,4.9,0.019356223
1,128,http://www.uspoliticslive.com/2016/09/09/breaking-news-president-obama-confirms-will-refuse-leave-office-trump-elected/,./malicious/f_128_BREAKINGNEWSPRESIDEN.txt,BREAKING NEWS: PRESIDENT OBAMA CONFIRMS HE WILL REFUSE TO LEAVE OFFICE IF TRUMP IS ELECTED,0,1694,298,9/9/2016,0,7.3,0.0007024
1,129,http://www.usadailytime.com/president-obama-confirms-will-refuse-leave-office/,./malicious/f_129_PresidentObamaConfir.txt,President Obama Confirms He Will Refuse To Leave Office If Trump Is Elected,1,1861,320,9/9/2016,0,6.3,0.96098271
1,334,http://www.nowtheendbegins.com/medical-doctor-lays-10-points-proving-hillary-clinton-parkinsons-disease/,./malicious/f_334_AMedicalDoctorLaysOu.txt,A Medical Doctor Lays Out 10 Points Proving That HIllary Clinton Has Parkinsons Disease • Now The End Begins,1,880,139,9/9/2016,0,2.3,0.00179021
1,327,http://www.naturalnews.com/055253_Hillary_Clinton_Parkinsons_disease_health_diagnosis.html,./malicious/f_327_DoctorHillaryClinton.txt,Doctor: Hillary Clinton may have Parkinsons disease,1,3732,564,9/9/2016,-0.2,4.4,0.000292114
1,868,http://www.endingthefed.com/breaking-medical-school-professor-hillary-has-one-year-left-to-live-due-to-vascular-dementia.html,./malicious/f_868_BREAKINGMedicalschoo.txt,BREAKING – Medical school professor: Hillary has one year left to live due to vascular dementia,0,1887,322,9/9/2016,-0.2,6.4,0
1,328,http://www.consciouslyenlightened.com/23270-2/,./malicious/f_328_VIDEOEXCLUSIVEREPORT.txt,VIDEOEXCLUSIVE REPORT: HILLARY CLINTON HAS PARKINSONS DISEASE DOCTOR CONFIRMS,0,672,112,9/10/2016,0.2,3.3,0.065784784
1,333,http://www.rickwells.us/clinton-parkinsons-disease-doctors/,./malicious/f_333_HillaryClintonHasPar.txt,Hillary Clinton Has Parkinsons Disease,1,3115,481,9/10/2016,0,9.4,0
1,866,http://www.naturalnews.com/055254_Hillary_Clinton_walking_dead_medical_event.html,./malicious/f_866_HillaryClintonvideoT.txt,Hillary Clinton video: THE WALKING DEAD collapses into security van medical event diagnosed with vascular dementia and Parkinsons one year left to live says doctor,0,3513,542,9/11/2016,-0.3,7.5,0
1,893,https://www.pjmedia.com/trending/2016/09/12/71-percent-of-doctors-hillarys-health-problems-are-serious-could-be-disqualifying/,./malicious/f_893_1171PercentofPhysici.txt,11 71 Percent of Physicians Said Hillarys Health Problems Were Serious Potentially Disqualifying,0,2048,327,9/12/2016,-0.2,5.7,0.991245539
1,867,http://www.worldtruth.tv/hillary-clinton-diagnosed-with-vascular-dementia-and-parkinsons-one-year-left-to-live-says-doctor/,./malicious/f_867_HillaryClintonDiagno.txt,Hillary Clinton Diagnosed With ‘Vascular Dementia’ and Parkinson’s’ One Year Left To Live’ Says Doctor,1,7400,1198,9/12/2016,-0.2,28.7,0
1,649,http://www.politicops.com/cruz-something-happens-hillary-agree-run-democrat-trump/,./malicious/f_649_CruzIfSomethingHappe.txt,Cruz: “If Something Happens To Hillary I Agree To Run As A Democrat Against Trump”,1,2835,520,9/13/2016,-0.1,7.8,0
1,864,http://www.nowtheendbegins.com/revealed-chelsea-clinton-11-million-luxury-apartment-actually-secret-medical-facility/,./malicious/f_864_ChelseaClintons11Mil.txt,Chelsea Clintons 11 Million Luxury Apartment Actually Hillarys Secret Medical Facility • Now The End Begins,1,3156,520,9/13/2016,0,9.7,0.018925342
1,865,http://www.yournewswire.com/chelsea-clintons-apartment-is-secret-medical-facility-for-hillary/,./malicious/f_865_ChelseaClintonsApart.txt,Chelsea Clintons Apartment Is Secret Medical Facility For Hillary,0,1849,280,9/13/2016,0,7.1,0.006489434
1,845,http://www.endingthefed.com/jeff-foxworthy-gets-attacked-by-liberals-after-publicly-slamming-hillary-clinton.html,./malicious/f_845_JeffFoxworthyGetsAtt.txt,Jeff Foxworthy Get’s Attacked By Liberals After Publicly SLAMMING Hillary Clinton,0,1117,197,9/13/2016,-0.1,3.6,0.941729069
1,603,http://www.samuel-warde.com/2016/09/first-clinton-trump-debate-trumps-teleprompter-problem/,./malicious/f_603_TheFirstClintonTrump.txt,The First Clinton-Trump Debate And Trumps Teleprompter Problem,1,2843,480,9/14/2016,0,9.3,0.000100152
1,85,http://www.endingthefed.com/hillary-clinton-christians-in-america-must-deny-their-faith-in-christianity-adhere-to-new-liberal-laws.html,./malicious/f_85_HillaryClintonChristi.txt,Hillary Clinton: Christians In America Must Deny Their Faith In Christianity Adhere To New Liberal Laws,0,1658,271,9/16/2016,-0.1,7.8,0.000135186
1,874,http://www.huffingtonpost.com/christopher-lamb/mike-pence-opposes-word-vice_b_12029434.html,./malicious/f_874_MikePenceOpposesWord.txt,Mike Pence Opposes Word Vice On Religious Grounds Doesnt Want To Be Called Vice Presidential Candidate,1,3501,564,9/16/2016,-0.1,12,0.002352185
1,877,http://www.americasfreedomfighters.com/2016/09/17/secret-fatal-plane/,./malicious/f_877_HillaryInvolvedInSec.txt,Hillary Involved In Secret FATAL Plane Crash Navy SEAL DEAD Media Doesnt DARE Touch This,1,2487,400,9/17/2016,0,9.5,0.936016917
1,882,http://www.truthfeed.com/bombshell-wikileaks-document-point-to-a-plane-crash-not-a-fall-causing-hillarys-brain-damage/24176/,./malicious/f_882_WikileaksExposesHill.txt,Wikileaks Exposes Hillary’s Brain Damage Likely a Result of Near Fatal Plane Crash – TruthFeed,1,1111,185,9/17/2016,0,4.2,0.000149889
1,438,http://www.libertywritersnews.com/2016/09/proof-hillary-clinton-started-birther-movement-trump-right/,./malicious/f_438_HEREITISProofThatHil.txt,HERE IT IS Proof That Hillary Clinton STARTED the Birther Movement Trump was Right  LIBERTY WRITERS NEWS,1,1717,280,9/17/2016,-0.1,6.6,0.000461037
1,843,http://www.americannews.com/jeff-foxworthy-gets-attacked-by-liberals-after-publicly-slamming-hillary-clinton/,./malicious/f_843_JeffFoxworthyGetsAtt.txt,Jeff Foxworthy Gets Attacked By Liberals After Publicly SLAMMING Hillary Clinton,0,970,170,9/17/2016,-0.3,2.3,0.937637538
1,875,http://www.latest.com/2016/09/mike-pence-opposes-word-vice-on-religious-grounds-doesnt-want-to-be-called-vice-president/,./malicious/f_875_MikePenceOpposesWord.txt,Mike Pence Opposes Word ‘Vice’ On Religious Grounds Doesn’t Want To Be Called ‘Vice’ President,1,1597,270,9/18/2016,0,3.7,0.000739719
1,881,http://www.endingthefed.com/breaking-hillary-involved-in-secret-fatal-plane-crash-the-media-dont-dare-touch-this.html,./malicious/f_881_BREAKINGHillaryInvol.txt,BREAKING: Hillary Involved In Secret FATAL Plane Crash… The Media Don’t DARE Touch This,0,1042,175,9/18/2016,-0.2,4.5,0.001221992
1,93,http://www.dailyheadlines.net/2016/09/watch-hillary-christians-in-america-must-deny-their-faith-in-christianity-adhere-to-these-new-liberal-laws/,./malicious/f_93_ChristiansInAmericaMu.txt,Christians In America Must Deny Their Faith In Christianity Adhere To These New Liberal Laws – Daily Headlines,0,1059,174,9/19/2016,-0.2,3.7,0.959925145
1,558,http://www.rickwells.us/clinton-green-screen-nc-points-waves-wall-phones/,./malicious/f_558_WavesToBlankWallNotO.txt,Waves To Blank Wall Not On Phones,1,2704,449,9/19/2016,-0.2,8.4,0.001983966
1,883,http://www.yournewswire.com/media-blackout-navy-seal-found-dead-after-hillary-clinton-plane-crash/,./malicious/f_883_NavySealFoundDeadAft.txt,Navy Seal Found Dead After Hillary Clinton Plane Crash,0,1944,306,9/19/2016,0,6.7,0
1,220,http://www.1776coalition.com/featured-content/clinton-received-debate-questions-week-before-debate-according-to-sources,./malicious/f_220_ClintonReceivedDebat.txt,Clinton Received Debate Questions Week Before Debate According To Sources,1,1140,174,9/20/2016,-0.1,2.5,0.080402785
1,312,http://www.thenewyorkevening.com/index.php/2016/09/28/obama-declares-family-will-move-canada-along-19-americans-trump-elected/,./malicious/f_312_OBAMADECLARESHISFAMI.txt,OBAMA DECLARES HIS FAMILY WILL MOVE TO CANADA ALONG WITH 19 AMERICANS IF TRUMP IS ELECTED,1,4166,683,9/20/2016,0,10.9,1
1,131,http://www.americanflare.com/obamaa/,./malicious/f_131_PresidentObamaConfir.txt,President Obama Confirms He Will Refuse To Leave Office If Trump Is Elected – American Flare,0,676,115,9/20/2016,0,0.7,0.815854281
1,135,http://www.fanzinger.com/view/103/President-Obama-Confirms-He-Will-Refuse-To-Leave-Office-If-Trump-Is-Elected.html,./malicious/f_135_PresidentObamaConfir.txt,President Obama Confirms He Will Refuse To Leave Office If Trump Is Elected,1,539,95,9/20/2016,0,0.8,0.003333089
1,854,http://www.endingthefed.com/hillary-clinton-cancels-event-after-bizarre-eye-movement.html,./malicious/f_854_HillaryClintoncancel.txt,Hillary Clinton cancels event after bizarre eye movement,0,424,77,9/20/2016,-0.1,2.1,0.079724159
1,228,http://www.truthandaction.org/just-read-law-hillary-disqualified-holding-federal-office/,./malicious/f_228_JustReadtheLawHillar.txt,Just Read the Law: Hillary is Disqualified from Holding Any Federal Office,0,491,87,9/21/2016,0,1.6,0.009633629
1,234,http://www.truthandaction.org/just-read-law-hillary-disqualified-holding-federal-office/2/,./malicious/f_234_JustReadtheLawHillar.txt,Just Read the Law: Hillary is Disqualified from Holding Any Federal Office,0,1955,334,9/21/2016,-0.2,4.4,0.06806723
1,853,http://www.redstatewatcher.com/article.asp?id=38765,./malicious/f_853_HillaryClintoncancel.txt,Hillary Clinton cancels event after bizarre eye movement,0,423,60,9/21/2016,-0.2,2.2,0.007224684
1,890,http://www.eaglerising.com/36899/charity-clinton-foundation-distributed-watered-down-aids-drugs-to-sub-saharan-africa/,./malicious/f_890_CharityClintonFounda.txt,Charity: Clinton Foundation Distributed “Watered-Down” AIDS Drugs to Sub-Saharan Africa – Eagle Rising,1,8838,1348,9/21/2016,-0.2,24.7,0
1,892,http://www.sonsoflibertymedia.com/clinton-foundation-distributed-watered-hivaids-drugs-patients-africa/,./malicious/f_892_ClintonFoundationDis.txt,Clinton Foundation Distributed “Watered-Down” HIVAIDS Drugs to Patients in Africa  Sons of Liberty Media,1,4010,628,9/22/2016,-0.3,13.2,0
1,150,http://www.usanewsinsider.com/president-obama-confirms-will-refuse-leave-office-trump-elected-2/,./malicious/f_150_PRESIDENTOBAMACONFIR.txt,PRESIDENT OBAMA CONFIRMS HE WILL REFUSE TO LEAVE OFFICE IF TRUMP IS ELECTED,0,629,110,9/23/2016,0.1,2.2,0.986410111
1,253,http://www.thefederalistpapers.org/us/look-who-the-clintons-gave-most-of-their-charitable-donations-to,./malicious/f_253_LookWhoTheClintonsGa.txt,Look Who The Clintons Gave Most of their Charitable Donations To,1,1806,290,9/26/2016,0,4.6,0.999998987
1,591,http://www.newyorker.com/humor/borowitz-report/trump-threatens-to-skip-remaining-debates-if-hillary-is-there,./malicious/f_591_TrumpThreatenstoSkip.txt,Trump Threatens to Skip Remaining Debates If Hillary Is There,1,1513,256,9/27/2016,-0.3,6.8,0.000960972
1,97,http://www.yesimright.com/hillary-clinton-may-have-been-wearing-a-wire-and-earpiece-during-presidential-debate/,./malicious/f_97_HillaryClintonMayHave.txt,Hillary Clinton May Have Been Wearing A Wire And Earpiece During Presidential Debate,1,2321,402,9/27/2016,-0.1,10,0.001571833
1,219,http://www.freemarketcentral.com/index.php/post/2503/report-clinton-received-debate-questions-a-week-before-debate,./malicious/f_219_ReportClintonReceive.txt,Report: Clinton Received Debate Questions A Week Before Debate,0,1416,236,9/28/2016,-0.1,3.3,0.001857657
1,222,http://www.usasupreme.com/clinton-received-debate-questions-week-debate-according-sources/,./malicious/f_222_ClintonReceivedDebat.txt,Clinton Received Debate Questions Week Before Debate According To Sources,1,2125,338,9/28/2016,-0.1,6,0.024163902
1,244,http://www.infowars.com/watch-did-hillary-clinton-give-hand-signals-to-debate-moderator-lester-holt/,./malicious/f_244_WATCHDidHillaryClint.txt,WATCH: Did Hillary Clinton Give Hand Signals to Debate Moderator Lester Holt?  Alex Jones Infowars: Theres a war on for your mind,0,628,107,9/28/2016,-0.2,1.5,0.902699895
1,8,http://www.joeforamerica.com/2016/09/intelligence-hillary-weapons-isis/,./malicious/f_8_USIntelligenceConfirms.txt,US Intelligence Confirms Hillary Sold Weapons to ISIS,1,2072,331,9/28/2016,-0.1,5,0.011660697
1,237,http://www.thegatewaypundit.com/2016/09/breaking-poker-pro-agrees-hillary-sending-hand-signals-debate-moderator-holt/,./malicious/f_237_HillaryWasSendingHan.txt,Hillary Was Sending Hand Signals to Debate Moderator Holt,1,1732,275,9/28/2016,-0.1,6.3,0.031803969
1,248,http://www.informationliberation.com/?id=55563,./malicious/f_248_DidHillaryClintonGiv.txt,Did Hillary Clinton Give Hand Signals to Debate Moderator Lester Holt?,0,75,14,9/28/2016,0,0,0.5
1,194,http://www.thewashingtonstandard.com/fbi-director-comey-took-millions-clinton-foundation-defense-contractor/,./malicious/f_194_FBIDirectorComeyTook.txt,FBI Director Comey Took Millions from Clinton Foundation Defense Contractor,1,2683,421,9/29/2016,0,6.5,0.026206605
1,201,http://www.usalibertynews.com/breaking-fbi-director-received-millions-clinton-foundation-brothers-law-firm-clintons-taxes/,./malicious/f_201_BREAKINGFBIDirectorR.txt,BREAKING: FBI Director Received Millions From Clinton Foundation,0,3490,538,9/29/2016,0,7.7,0.998932153
1,60,http://www.en.institutomanquehue.org/publications/news/intelligence-confirms-hillary-weapons-isis.html,./malicious/f_60_BREAKINGWikiLeaksCONF.txt,BREAKING: WikiLeaks CONFIRMS Hillary Sold Weapons to ISIS… Then Drops Another BOMBSHELL,1,3752,602,9/30/2016,-0.2,8.6,0.999908835
1,188,http://www.usasupreme.com/fbi-director-received-millions-clinton-foundation-brothers-law-firm-clintons-taxes/,./malicious/f_188_FBIdirectorreceivedm.txt,FBI director received millions from Clinton Foundation his brother’s law firm does Clinton’s taxes,1,4622,724,9/30/2016,0,10.1,0.999617517
1,193,https://www.ihavethetruth.com/2016/09/30/comey-millions-clinton-foundation/,./malicious/f_193_BREAKINGFBIDirectorC.txt,BREAKING FBI Director Comey Received Millions From Clinton Foundation,1,2436,384,9/30/2016,-0.2,7.8,0
1,599,http://www.redstatewatcher.com/article.asp?id=40479,./malicious/f_599_BustedIsThatATelepro.txt,Busted Is That A Teleprompter Hillary Is Reading From At The Debate?,0,297,42,9/30/2016,0.1,0.5,0.108763993
1,761,http://www.yesimright.com/hillarys-email-case-got-reopened-and-james-comey-asked-for-immunity-trey-gowdy-says-hell-no/,./malicious/f_761_HillarysEmailCaseGot.txt,Hillary’s Email Case Got Reopened And James Comey Asked For Immunity Trey Gowdy Says Hell No,1,1202,220,9/30/2016,-0.1,4.4,0.053754278
1,790,http://www.usasupreme.com/thousands-fake-ballot-slips-found-marked-hillary-clinton/,./malicious/f_790_ThousandsOfFakeBallo.txt,Thousands Of Fake Ballot Slips Found Marked For Hillary Clinton,1,2202,362,10/1/2016,-0.2,4.8,0.001404471
1,600,http://www.ipatriot.com/earpieces-teleprompters-ways-hillary-cheats/,./malicious/f_600_AnotherClintonCheats.txt,Another Clinton Cheats? Video Evidence of Hillarys Teleprompter During the First Debate,0,5649,990,10/1/2016,-0.1,23.1,0.01422249
1,35,http://www.dailyheadlines.net/2016/10/wikileaks-confirms-hillary-clinton-sold-weapons-to-isis/,./malicious/f_35_WikileaksConfirmsHill.txt,Wikileaks Confirms Hillary Clinton Sold Weapons To ISIS – Daily Headlines,1,1186,191,10/5/2016,-0.2,3.5,0.227642432
1,44,http://www.dailymail.co.uk/news/article-3822947/Justice-Department-drops-case-against-arms-trader-sold-weapons-Libyan-rebels-threatened-expose-Obama-Clinton-s-role-arming-extremists.html,./malicious/f_44_JusticeDepartmentdrop.txt,Justice Department drops case against Marc Turi who sold weapons to Libyan rebels,1,4488,760,10/5/2016,-0.1,12,0
1,816,http://www.liberalamerica.org/2016/10/05/uncounted-bernie-ballots-found/,./malicious/f_816_MillionsOfUncountedB.txt,Millions Of Uncounted Bernie Sanders Ballots Found By Lawsuit (VIDEO),1,2081,351,10/5/2016,-0.2,7.1,0.97148931
1,292,http://www.freedomdaily.com/obama-declares-family-will-move-canada-trump-elected/,./malicious/f_292_ObamaDeclaresHisFami.txt,Obama Declares His Family Will Move To Canada If Trump Is Elected ⋆ Freedom Daily,1,1910,322,10/5/2016,-0.2,7.7,0.02326327
1,294,http://www.unitedstates-politics.com/obama-declares-family-will-move-canada-along-19-americans-trump-elected,./malicious/f_294_OBAMADECLARESHISFAMI.txt,OBAMA DECLARES HIS FAMILY WILL MOVE TO CANADA ALONG WITH 19 AMERICANS IF TRUMP IS ELECTED,1,1550,257,10/5/2016,0,3.7,0.96718964
1,224,http://www.stateofthenation2012.com/?p=51277,./malicious/f_224_USCODEHillaryRClinto.txt,US CODE: Hillary R Clinton is disqualified from holding any public office in the United States Government,1,3599,551,10/6/2016,0,13,0.999994844
1,770,http://www.ijr.com/wildfire/2016/10/717925-wtf-moment-at-3rd-presidential-debate-hillary-gives-away-time-it-takes-for-nuclear-response/,./malicious/f_770_HillaryGivesAwayTime.txt,Hillary Gives Away Time it Takes for US Nuclear Response,1,2988,476,10/7/2016,-0.1,9.7,0.027963497
1,510,http://www.vote.us.org/post/1477538450/tim-kaine-%E2%80%9Cthe-catholic-church-will-change-its-same-sex-marriage-stance-or-/,./malicious/f_510_TimKaineTheCatholicC.txt,Tim Kaine: “The Catholic Church Will Change Its Same-Sex Marriage Stance Or It Will Be Banned From The US”,0,3042,525,10/8/2016,-0.1,5,1
1,643,https://www.truthkings.com/wikileaks-emails-hillary-called-bernie-supporters-bucket-losers/,./malicious/f_643_WikileaksEmailsHilla.txt,Wikileaks Emails: Hillary Called Bernie Supporters BUCKET OF LOSERS,1,1161,175,10/8/2016,-0.3,5.3,0.985630106
1,827,http://www.truthfeed.com/wikileaks-release-hillary-calls-for-the-end-of-the-u-s-and-one-hemispheric-government/28220/,./malicious/f_827_HillaryCallsForTheEn.txt,Hillary Calls For The End of The US and One “Hemispheric” Government – TruthFeed,1,877,150,10/8/2016,0,3.3,0.995750904
1,632,http://www.thegatewaypundit.com/2016/10/wikileaks-hillary-clinton-calls-bernie-fans-millennials-bucket-losers-goldman-sachs-speech/,./malicious/f_632_HillaryClintonCallsB.txt,Hillary Clinton Calls Bernie Fans and Millennials Bucket of Losers in Goldman Sachs Speech,1,511,78,10/8/2016,0.1,1.7,0.925951992
1,636,http://www.redstatewatcher.com/article.asp?id=41663,./malicious/f_636_NEWBOMBSHELLInfronto.txt,NEW BOMBSHELL: In front of her Wall St donors Hillary called the American middle-class a bucket of losers,0,137,20,10/8/2016,0,0.3,0.5
1,637,http://www.conservativefiringline.com/wikileaks-doc-hillary-called-supporters-bucket-losers/,./malicious/f_637_Hillarycalledliberal.txt,Hillary called liberal supporters bucket of losers ⋆ Conservative Firing Line,1,2265,349,10/8/2016,-0.1,7.5,0.840640128
1,642,http://www.bients.com/hillary-threw-americans-bucket-losers-wall-street-speech/,./malicious/f_642_HillarythrewAmerican.txt,Hillary threw Americans into ‘bucket of losers’ in Wall Street speech,0,2181,342,10/8/2016,-0.2,7,0
1,315,http://www.jewsnews.co.il/2016/10/09/breaking-obama-declares-his-family-will-move-to-canada-if-trump-is-elected.html,./malicious/f_315_BREAKINGObamaDeclare.txt,BREAKING: Obama Declares His Family Will Move To Canada If Trump Is Elected,0,1452,231,10/9/2016,-0.1,3.4,0.999985754
1,644,http://www.thegatewaypundit.com/2016/10/awful-ap-shills-hillary-clinton-calls-bernie-supporters-bucket-losers-goldman-sachs-speech/,./malicious/f_644_AWFULAPShillsforHill.txt,AWFUL AP Shills for Hillary Clinton After She Calls Bernie Supporters a Bucket of Losers in Goldman Sachs Speech,1,702,108,10/9/2016,-0.1,2.1,0.958316237
1,717,http://www.whatdoesitmean.com/index2136.htm,./malicious/f_717_VideoShowingBillClin.txt,Video Showing Bill Clinton Rape Of 13-Year-Old Girl Plunges Presidential Race Into Chaos,0,10856,1680,10/10/2016,-0.2,29.7,0.999359787
1,64,http://www.jewsnews.co.il/2016/10/10/boom-wikileaks-confirms-hillary-sold-weapons-to-isis.html,./malicious/f_64_BOOMWIKILEAKSCONFIRMS.txt,BOOM WIKILEAKS CONFIRMS HILLARY SOLD WEAPONS TO ISIS,0,898,141,10/10/2016,-0.3,2,0.004822948
1,655,http://www.infowars.com/clinton-campaign-email-outlines-effort-to-produce-an-unaware-and-compliant-citizenry/,./malicious/f_655_ClintonCampaignEmail.txt,Clinton Campaign Email Outlines Effort To Produce an Unaware and Compliant Citizenry  Alex Jones Infowars: Theres a war on for your mind,1,2522,387,10/10/2016,0,5,0.000520613
1,661,http://www.duanelester.com/wikileaks-podesta-email-shows-sick-admission-of-effort-to-create-compliant-and-unaware-citizenry/,./malicious/f_661_WikileaksPodestaEmai.txt,Wikileaks Podesta Email Shows Sick Admission of Effort To Create “Compliant” and “Unaware” Citizenry – Duane Lester,0,1984,342,10/10/2016,-0.1,10.3,0.99618724
1,858,http://www.newyorker.com/humor/borowitz-report/putin-cancels-campaign-event-with-trump,./malicious/f_858_PutinCancelsCampaign.txt,Putin Cancels Campaign Event with Trump,1,986,149,10/10/2016,-0.3,2.1,0
1,662,http://www.trueactivist.com/breaking-wikileaks-emails-prove-clinton-insiders-conspired-to-produce-an-unaware-and-compliant-citizenry/,./malicious/f_662_WikileaksEmailsProve.txt,Wikileaks Emails Prove Clinton Insiders “Conspired to Produce an Unaware and Compliant Citizenry” – True Activist,1,4556,715,10/10/2016,-0.1,9.4,0.952574164
1,663,http://www.endingthefed.com/clinton-campaign-email-outlines-effort-to-produce-an-unaware-and-compliant-citizenry.html,./malicious/f_663_ClintonCampaignEmail.txt,Clinton Campaign Email Outlines Effort “To Produce an Unaware and Compliant Citizenry”,0,2302,366,10/10/2016,-0.1,3.9,0.000236903
1,666,http://www.vesselnews.io/wikileaks-shock-clinton-campaign-email-exposes-effort-produce-unaware-compliant-citizenry/,./malicious/f_666_WIKILEAKSSHOCKClinto.txt,WIKILEAKS SHOCK: Clinton Campaign Email Exposes Effort “To Produce An Unaware And Compliant Citizenry”,1,1460,228,10/10/2016,0,1.8,0.002699861
1,683,http://www.endingthefed.com/leaked-2013-trump-tax-return-shows-he-payed-over-40-million-in-taxes.html,./malicious/f_683_Leaked2013TrumpTaxRe.txt,Leaked 2013 Trump Tax Return Shows He Payed Over 40 Million In Taxes,0,2380,387,10/10/2016,-0.3,8,0
1,659,http://www.openmindmagazine.com/bombshell-email-clinton-camp-demands-compliant-citizenry-master-plan/,./malicious/f_659_BOMBSHELLEMAILClinto.txt,BOMBSHELL EMAIL: Clinton Camp “Demands” “ Compliant Citizenry ” for Her Master Plan,0,2413,389,10/11/2016,-0.2,8.2,0.043588713
1,671,http://www.americasfreedomfighters.com/2016/10/11/unaware-compliant-citizenry/,./malicious/f_671_LeakedEmailExposesCl.txt,Leaked Email Exposes Clinton Camp Demanding An Unaware And Compliant Citizenry” For Her Master Plan,1,2800,447,10/11/2016,0,9.2,0.999768198
1,811,http://www.deprogramyourself.org/2016/10/lawsuit-finds-millions-of-uncounted.html,./malicious/f_811_LawsuitFindsMillions.txt,Lawsuit Finds Millions Of Uncounted Bernie Sanders Ballots,0,3119,520,10/11/2016,-0.4,9.8,0.022400504
1,887,http://www.greenvillegazette.com/p/143404/,./malicious/f_887_DonaldTrumpAnnounces.txt,Donald Trump Announces His Plan To Eliminate 490000 Teacher Jobs – The Man Loves To Fire People – Greenville Gazette,1,3571,535,10/11/2016,0,7.4,0.012700226
1,657,http://www.naturalnews.com/055609_John_Podesta_leaked_emails_unaware_and_compliant_citizenry.html,./malicious/f_657_Leakedemailsexposess.txt,Leaked emails exposes stunning Clinton campaign conspiracy to maintain unaware and compliant citizenry,0,2069,347,10/11/2016,-0.2,5.8,0
1,658,http://www.thefreethoughtproject.com/wikileaks-clinton-compliant-conspired/,./malicious/f_658_WikileaksEmailsShowC.txt,Wikileaks Emails Show Clinton Insiders “Conspired to Produce an Unaware and Compliant Citizenry”,1,3853,610,10/11/2016,-0.2,9.5,0
1,665,http://www.chicksontheright.com/hacked-hillary-emails-maintain-political-power-by-producing-an-unaware-and-compliant-citizenry/,./malicious/f_665_HackedPodestaIveyEma.txt,Hacked PodestaIvey Email About Hillary: Maintain Political Power By Producing An Unaware And Compliant Citizenry”,1,1699,278,10/11/2016,0,5.6,0.007476317
1,668,http://www.youngcons.com/bombshell-email-shows-hillary-wants-an-unaware-and-compliant-citizenry/,./malicious/f_668_BOMBSHELLEmailShowsH.txt,BOMBSHELL Email Shows Hillarys Sick Demands for Compliant Citizenry,1,2639,349,10/11/2016,-0.1,7.8,0
1,155,http://www.bipartisanreport.com/2016/10/12/breaking-hillary-clinton-vindicated-after-wikileaks-caught-fabricating-fake-emails-details/,./malicious/f_155_HillaryClintonVINDIC.txt,Hillary Clinton VINDICATED After WikiLeaks Caught FABRICATING Fake Emails (DETAILS),1,3040,482,10/12/2016,-0.2,13.3,0.000224741
1,157,http://www.liberalsociety.com/wikileaks-caught-leaking-phony-hillary-emails-to-try-and-hurt-her-chances-of-winning/,./malicious/f_157_WikiLeaksCaughtLeaki.txt,WikiLeaks Caught Leaking Phony Hillary Emails To Try And Hurt Her Chances Of Winning – Liberal Society,1,1489,242,10/12/2016,-0.3,4.9,0.000636627
1,732,http://www.thebiafraherald.co/2016/10/isis-leader-calls-for-american-muslim.html,./malicious/f_732_ISISLeaderCallsforAm.txt,ISIS Leader Calls for American Muslim Voters to Support Hillary Clinton,0,135,23,10/12/2016,0.2,0.5,0.5
1,437,http://www.truthfeed.com/wikileaks-email-proves-trump-was-right-clinton-started-birther-movement/29372/,./malicious/f_437_WIKILEAKSEMAILPROVES.txt,WIKILEAKS EMAIL PROVES TRUMP WAS RIGHT – CLINTON STARTED BIRTHER MOVEMENT – TruthFeed,1,1888,310,10/13/2016,-0.1,5.6,0.86815393
1,33,http://www.patriottribune.com/44641/hillary-busted-selling-weapons-isis/,./malicious/f_33_HILLARYBUSTEDSELLINGW.txt,HILLARY BUSTED SELLING WEAPONS TO ISIS,0,1096,178,10/14/2016,-0.1,4.6,0
1,526,http://www.endingthefed.com/breaking-bombshell-wikileaks-exposes-democrats-fake-trump-groping-plot.html,./malicious/f_526_BREAKINGBOMBSHELLWik.txt,BREAKING BOMBSHELL: WikiLeaks Exposes Democrats Fake Trump Groping Plot,0,689,101,10/14/2016,-0.2,3.2,0.015124076
1,528,http://www.ilovemyfreedom.org/wikileaks-bombshell-democrats-exposed-faking-trumps-groping-plot/,./malicious/f_528_WikiLeaksBOMBSHELLDe.txt,WikiLeaks BOMBSHELL: Democrats Exposed Faking Trumps Groping Plot,0,2289,388,10/14/2016,-0.2,9.2,0.188554272
1,824,http://www.maxkeep.com/dalai-lama-says-trump-is-a-threat-to-humanity-says-he-is-worse-than-hitler/,./malicious/f_824_DalaiLamaSaysTrumpis.txt,Dalai Lama Says Trump is a Threat to Humanity Says He Is Worse Than Hitler – MaxKeep,0,1033,167,10/14/2016,0.2,4.6,0.999970138
1,175,http://www.conservativestudio.com/wikileaks-releases-candid-photos-hillary-clinton/,./malicious/f_175_WIKILEAKSRELEASESCAN.txt,WIKILEAKS RELEASES CANDID PHOTOS OF HILLARY CLINTON,0,1071,171,10/15/2016,-0.2,2.6,0.836032189
1,530,http://www.cooltobeconservative.com/2016/10/breaking-bombshell-wikileaks-exposes-democrats-fake-trump-groping-plot/,./malicious/f_530_BREAKINGBOMBSHELLWik.txt,BREAKING BOMBSHELL: WikiLeaks exposes Democrats fake Trump groping plot,1,1063,192,10/15/2016,0,4.3,0
1,529,http://www.redstatewatcher.com/article.asp?id=42930,./malicious/f_529_WikiLeaksexposesDemo.txt,WikiLeaks exposes Democrats fake Trump groping plot,0,512,72,10/15/2016,-0.1,3.4,0.806654274
1,614,http://www.whatdoesitmean.com/index2141.htm,./malicious/f_614_HillaryClintonsSudde.txt,Hillary Clinton’s “Sudden Move” Of 18 Billion To Qatar Central Bank Stuns Financial World,0,11269,1735,10/16/2016,-0.2,29.8,0.001227314
1,156,http://www.greenvillegazette.com/p/144211/,./malicious/f_156_HillaryClintonVindic.txt,Hillary Clinton Vindicated After WikiLeaks Caught Fabricating Released Emails – Greenville Gazette,1,3993,663,10/17/2016,-0.3,9.5,0.998518139
1,446,http://www.inquisitr.com/3605344/trump-absentee-ballots-being-destroyed-postal-worker-brags-about-opening-ripping-up-ballots-with-votes-for-donald-trump/,./malicious/f_446_TrumpAbsenteeBallots.txt,Trump Absentee Ballots Being Destroyed? Postal Worker Brags About Opening Ripping Up Ballots With Votes For Donald Trump,1,4017,655,10/17/2016,-0.1,14.3,0.009174073
1,447,https://www.truthkings.com/ohio-postal-worker-brags-love-ripping-trump-ballots/,./malicious/f_447_OhioPostalWorkerBrag.txt,Ohio Postal Worker Brags I Love Ripping Up Trump Ballots,1,679,117,10/17/2016,-0.2,4,0.002678116
1,449,https://www.ihavethetruth.com/2016/10/17/postal-workers-now-bragging-online-about-about-destroying-trump-ballots/,./malicious/f_449_PostalWorkersNowBrag.txt,Postal Workers Now Bragging Online About About Destroying Trump Ballots,1,821,143,10/17/2016,-0.2,4.8,0.009624074
1,729,http://www.jewsnews.co.il/2016/10/17/isis-leader-calls-for-american-muslim-voters-to-support-hillary-clinton.html,./malicious/f_729_ISISLEADERCALLSFORAM.txt,ISIS LEADER CALLS FOR AMERICAN MUSLIM VOTERS TO SUPPORT HILLARY CLINTON,0,1323,226,10/17/2016,0,3.1,0.033439506
1,442,http://www.thegatewaypundit.com/2016/10/postal-worker-brags-online-destroying-trump-ballots/,./malicious/f_442_POSTALWORKERBragsOnl.txt,POSTAL WORKER Brags Online About Destroying Trump Ballots (Updated),1,751,122,10/17/2016,-0.1,4.7,0.007719424
1,443,http://www.yesimright.com/postal-worker-caught-destroying-trump-votes-gets-instant-justice-from-america/,./malicious/f_443_PostalWorkerCaughtDe.txt,Postal Worker Caught Destroying Trump Votes Gets Instant Justice From America,1,2015,348,10/17/2016,-0.1,7.2,0.782178849
1,450,http://www.endingthefed.com/postal-worker-brags-online-about-destroying-trump-ballots.html,./malicious/f_450_POSTALWORKERBragsOnl.txt,POSTAL WORKER Brags Online About Destroying Trump Ballots,0,696,113,10/17/2016,0,3.1,0.00246706
1,451,http://www.fury.news/2016/10/unbelievable-postal-worker-brags-trump-ballots/,./malicious/f_451_UNBELIEVABLEPostalWo.txt,UNBELIEVABLE: Postal Worker BRAGS About What He Does With Trump Ballots,1,1053,196,10/17/2016,-0.3,5.1,0.000235907
1,452,http://www.youngcons.com/postal-worker-brage-about-ripping-up-absentee-trump-ballots/,./malicious/f_452_FRAUDPostalWorkerBRA.txt,FRAUD Postal Worker BRAGS About Doing This to Trump Ballots in the Mail,1,2591,348,10/17/2016,-0.1,13.3,0.001566609
1,454,https://www.conservativedailypost.com/postal-office-worker-bragging-about-it-claims-he-uses-his-job-to-rip-up-trump-ballots/,./malicious/f_454_PostalOfficeWorkerBr.txt,Postal Office Worker Bragging About It Claims He Uses His Job To Rip Up Trump Ballots,1,5501,968,10/17/2016,-0.1,27,0
1,455,http://www.conservativefiringline.com/report-postal-worker-brags-destroying-trump-absentee-ballots/,./malicious/f_455_Postalworkerbragsabo.txt,Postal worker brags about destroying Trump absentee ballots ⋆ Conservative Firing Line,1,3038,480,10/17/2016,-0.1,12.1,0.043206833
1,472,http://www.therightists.com/hillary-clinton-in-2013-i-would-like-to-see-people-like-donald-trump-run-for-office-theyre-honest-and-cant-be-bought/,./malicious/f_472_IWouldLikeToSeePeopl.txt,“I Would Like To See People Like Donald Trump Run For Office; They’re Honest And Can’t Be Bought”,1,3195,543,10/17/2016,0.1,7.3,1
1,120,http://www.text143.com/2016/10/18/president-obama-confirms-he-will-refuse-to-leave-office-if-trump-is-elected/,./malicious/f_120_PresidentObamaConfir.txt,President Obama Confirms He Will Refuse To Leave Office If Trump Is Elected – Text 143,0,425,76,10/18/2016,-0.2,1.3,0.861310885
1,453,http://www.truthfeed.com/voter-fraud-alert-ohio-postal-worker-boasts-about-ripping-up-absentee-ballots-for-trump/30199/,./malicious/f_453_VOTERFRAUDALERTOhioP.txt,VOTER FRAUD ALERT – Ohio Postal Worker Boasts About Ripping Up Absentee Ballots For Trump – TruthFeed,0,2220,397,10/18/2016,-0.2,9.9,0.005124661
1,448,http://www.downtrend.com/katrina/postal-worker-claims-to-have-ripped-up-absentee-ballots-for-donald-trump-gets-a-taste-of-sweet-justice,./malicious/f_448_PostalWorkerClaimsto.txt,Postal Worker Claims to Have RIPPED Up Absentee Ballots for Donald Trump Gets a Taste of Sweet Justice,1,852,139,10/18/2016,-0.2,5,0.015032708
1,782,http://www.endingthefed.com/billy-graham-issues-stunning-statement-on-donald-trump-nobody-saw-this-coming.html,./malicious/f_782_BillyGrahamIssuesSTU.txt,Billy Graham Issues STUNNING Statement on Donald Trump… Nobody Saw This Coming,0,1893,318,10/18/2016,-0.1,9.7,0.943979919
1,783,http://www.consfreedom.com/billy-graham-issues-stunning-statement-donald-trumpno-one-expected/,./malicious/f_783_BillyGrahamIssuesSTU.txt,Billy Graham Issues STUNNING Statement on Donald Trump…No One Expected THIS,0,1404,236,10/18/2016,-0.1,6.7,0.925507545
1,769,http://www.twitchy.com/brettt-3136/2016/10/19/hey-hillary-thanks-for-telling-the-world-americas-response-time-for-a-nuclear-launch/,./malicious/f_769_HeyHillarythanksfort.txt,Hey Hillary thanks for telling the world America’s response time for a nuclear launch – twitchycom,1,1595,270,10/19/2016,0,6.4,0.999908686
1,758,http://www.libertynews.com/2016/10/pentagon-officials-furious-after-clinton-announces-us-response-time-for-nuclear-launch-during-debate/,./malicious/f_758_PentagonOfficialsFur.txt,Pentagon Officials Furious After Clinton Announces US Response Time for Nuclear Launch During Debate – Liberty News,1,3060,459,10/20/2016,0,9.5,0.858366042
1,773,http://www.bizpacreview.com/2016/10/20/meanwhile-hillary-shows-off-giving-away-americas-nuclear-response-time-debate-402541,./malicious/f_773_MeanwhileHillaryshow.txt,Meanwhile Hillary shows off by giving away America’s nuclear response time during debate,1,2614,436,10/20/2016,0,10.7,0.020681966
1,776,http://www.unclesamsmisguidedchildren.com/careless-hillary-reveals-nuclear-response-debate/,./malicious/f_776_CarelessHillaryRevea.txt,Careless Hillary Reveals Nuclear Response Time at Debate,1,2364,351,10/20/2016,-0.1,11.1,0.987254679
1,779,http://www.glennbeck.com/2016/10/20/watch-hillary-reveals-americas-nuclear-response-time-during-the-debate/,./malicious/f_779_HillaryRevealsAmeric.txt,Hillary Reveals America’s Nuclear Response Time During the Debate – Glenn Beck,1,1176,194,10/20/2016,0,2.4,0.025881393
1,101,https://www.conservativedailypost.com/breaking-hillary-used-earpiece-at-final-debate-who-was-on-the-other-end/,./malicious/f_101_BREAKINGHillaryUsedE.txt,BREAKING: Hillary Used Earpiece At Final Debate Who Was On The Other End?,1,3261,554,10/20/2016,-0.3,14.8,0
1,425,http://www.tmn.today/2016/10/pope-benedict-xvi-forbid-catholics-voting-hillary/,./malicious/f_425_PopeBenedictXVIForbi.txt,Pope Benedict XVI Forbid Catholics From Voting for Hillary in 2004,1,2160,364,10/20/2016,-0.1,8.1,0
1,645,https://www.ncscooper.com/wikileaks-clintons-purchase-200-million-maldives-estate/,./malicious/f_645_ClintonsPurchase200M.txt,Clintons Purchase 200 Million Maldives Estate,1,1296,209,10/20/2016,-0.2,3.5,0.001306656
1,759,http://www.americanmilitarynews.com/2016/10/military-officials-furious-after-hillary-lets-out-top-secret-information-during-debate/,./malicious/f_759_MilitaryOfficialsFur.txt,Military Officials Furious After Hillary Lets Out Nuclear Response Time During Debate,1,1813,277,10/20/2016,0,5.2,0.999620974
1,772,http://www.newsninja2012.com/unbelievable-hillary-told-world-our-response-time-for-launching-nukes/,./malicious/f_772_UNBELIEVABLEHillaryT.txt,UNBELIEVABLE Hillary Told World Our Response Time For Launching Nukes,1,823,130,10/20/2016,0,3.5,0.890092505
1,774,http://www.dailywire.com/news/10086/watch-hillary-reveals-americas-nuclear-response-chase-stephens,./malicious/f_774_HillaryRevealsAmeric.txt,Hillary Reveals Americas Nuclear Response Time During The Debate,0,4164,641,10/20/2016,-0.1,15.8,0.229724988
1,781,http://www.thehayride.com/2016/10/youre-aware-that-hillary-clinton-blurted-out-americas-nuclear-response-time-on-national-tv-last-night-right/,./malicious/f_781_YoureAwareThatHillar.txt,You’re Aware That Hillary Clinton Blurted Out America’s Nuclear Response Time On National TV Last Night Right?,0,3315,500,10/20/2016,0,13.7,0.006890417
1,428,http://www.conservativestudio.com/pope-francis-forbids-catholics-from-voting-for-hillary/,./malicious/f_428_PopeFrancisForbidsCa.txt,Pope Francis Forbids Catholics From Voting for Hillary,0,2391,380,10/21/2016,0,6.5,0.993840694
1,431,http://www.usatwentyfour.com/pope-benedict-xvi-forbids-catholics-voting-hillary/,./malicious/f_431_PopeBenedictXVIForbi.txt,Pope Benedict XVI Forbids Catholics From Voting for Hillary ⋆ USA 24,0,8590,1412,10/21/2016,-0.1,23.7,0
1,622,http://www.redstatewatcher.com/article.asp?id=44296,./malicious/f_622_GeorgeSorossaysTrump.txt,George Soros says Trump will win by a landslide but confesses to one major problem,0,270,46,10/21/2016,0.2,1.3,0.99834469
1,775,http://www.conservativetribune.com/general-stunned-hillary-debate/,./malicious/f_775_RetiredGeneralRoasts.txt,Retired General Roasts Hillary For Giving Away Americas Nuclear Response Time,1,2762,432,10/21/2016,-0.1,8.7,0.91937682
1,700,http://www.morningnewsusa.com/hillary-clinton-buying-illegal-weapons-election-kremlin-reports-delivery-mid-november-2016-23117066.html,./malicious/f_700_HillaryClintonReport.txt,Hillary Clinton Reportedly Buying Illegal Weapons For Election,1,2690,434,10/22/2016,0,9.1,0.000290214
1,760,http://www.conservativefiringline.com/report-pentagon-sources-say-hillary-arrested-revealing-nuclear-response-times/,./malicious/f_760_PentagonsourcessayHi.txt,Pentagon sources say Hillary should be arrested for revealing nuclear response times ⋆ Conservative Firing Line,1,2860,432,10/22/2016,0,12.8,0.982503086
1,458,http://www.spinzon.com/trump-absentee-ballots-destroyed-postal-worker-brags-opening-ripping-ballots-votes-donald-trump/,./malicious/f_458_TrumpAbsenteeBallots.txt,Trump Absentee Ballots Being Destroyed? Postal Worker Brags About Opening Ripping Up Ballots With Votes For Donald Trump,0,740,123,10/23/2016,0,3,0.026844423
1,612,http://www.endingthefed.com/hillary-clintons-sudden-move-of-1-8-billion-to-qatar-central-bank-stuns-financial-world.html,./malicious/f_612_HillaryClintonsSudde.txt,Hillary Clinton’s “Sudden Move” Of 18 Billion To Qatar Central Bank Stuns Financial World,0,6241,961,10/23/2016,-0.2,6.1,0
1,756,http://www.americanjournalreview.com/hillarys-isis-email-just-leaked-worse-anyone-imagined/,./malicious/f_756_HillarysISISEmailJus.txt,Hillary’s ISIS Email Just Leaked And It’s Worse Than Anyone Could Have Imagined… – American Journal Review,0,996,172,10/23/2016,-0.2,2.8,0.233916096
1,552,http://www.nowtheendbegins.com/crooked-hillary-used-green-screen-yesterdays-rally-coconut-creek-florida/,./malicious/f_552_CrookedHillaryCampai.txt,Crooked Hillary Campaign Used A Green Screen At Todays Low Turnout Rally In Coconut Creek FL • Now The End Begins,1,1577,278,10/26/2016,-0.4,8.9,0.155829787
1,73,http://www.wuc-news.com/2016/10/wikileaks-confirms-hillary-sold-weapons.html,./malicious/f_73_WIKILEAKSCONFIRMSHILL.txt,WIKILEAKS CONFIRMS HILLARY SOLD WEAPONS TO ISIS,0,2822,467,10/26/2016,-0.3,6.6,0
1,359,http://www.eutimes.net/2016/10/michael-moore-endorses-donald-trump-visits-wikileaks-julian-assange/,./malicious/f_359_MichaelMooreEndorses.txt,Michael Moore Endorses Donald Trump Visits Wikileaks Julian Assange,1,6136,1043,10/26/2016,0,22.4,0
1,646,http://www.worldtruth.tv/wikileaks-clintons-purchase-200-million-maldives-estate/,./malicious/f_646_WikiLeaksClintonsPur.txt,WikiLeaks: Clintons Purchase 200 Million Maldives Estate,1,1754,275,10/26/2016,0,5.6,0
1,699,http://www.whatdoesitmean.com/index2149.htm,./malicious/f_699_WhyDidHillaryClinton.txt,Why Did Hillary Clinton Just Buy 137 Million Worth Of Illegal Arms?,0,11211,1718,10/27/2016,-0.2,33.3,0
1,698,http://www.consciouslyenlightened.com/russia-asks-cia-hillary-clinton-just-buy-137-million-worth-illegal-arms/,./malicious/f_698_RussiaAsksCIAWhyDidH.txt,Russia Asks CIA: Why Did Hillary Clinton Just Buy 137 Million Worth Of Illegal Arms?,0,5659,863,10/27/2016,0,6.6,0
1,623,http://www.naturalnews.com/055789_George_Soros_Hillary_Clinton_electoral_college.html,./malicious/f_623_GeorgeSorosontapeTru.txt,George Soros on tape: Trump will win popular vote in landslide but Hillary Clintons electoral victory is already a done deal,1,4109,665,10/27/2016,-0.2,5.7,0.992722243
1,702,http://www.dcwatchdog.org/did-hillary-clinton-just-buy-137-million-worth-of-illegal-arms/,./malicious/f_702_DidHillaryClintonJus.txt,Did Hillary Clinton Just Buy 137 MILLION Worth of Illegal Arms?,1,2651,424,10/27/2016,0,7.3,0.038347017
1,225,http://www.usasupreme.com/confirmed-u-s-code-title-18-part-1-chapter-2071-hillary-officially-disqualified-run-president/,./malicious/f_225_ConfirmedUSCodeTitle.txt,Confirmed: US Code Title 18 Part 1 Chapter 2071 Hillary Is Officially Disqualified To Run For President,1,2222,386,10/29/2016,0,5.2,0.168161958
1,277,http://www.conservativearmy88.com/proof-surfaces-obama-born-kenya-trump-right-along/,./malicious/f_277_BREAKINGProofSurface.txt,BREAKING: Proof Surfaces That Obama Was Born In Kenya – Trump Was Right All Along…,0,589,102,10/29/2016,0,2.3,0.825160548
1,377,http://www.bients.com/clinton-emails-linked-political-pedophile-sex-ring-fbi-insider/,./malicious/f_377_ClintonEmailsLinkedT.txt,Clinton Emails Linked To Political Pedophile Sex Ring – FBI Insider,0,621,98,10/29/2016,-0.7,2.2,0
1,465,http://www.endingthefed.com/breaking-news-white-house-cancels-all-obama-appearances-at-hillary-campaign-events.html,./malicious/f_465_BREAKINGNEWSWhiteHou.txt,BREAKING NEWS: White House CANCELS all Obama Appearances at Hillary Campaign Events,0,1438,235,10/29/2016,-0.1,5.7,0.932707876
1,734,http://www.dailyoccupation.com/2016/10/30/wow-facebook-analytics-reveal-clean-sweep-donald-trump-election-sweeping-42-50-states-including-new-york/,./malicious/f_734_DailyOccupation.txt,Daily Occupation,0,789,138,10/30/2016,0,3.8,0.965439111
1,221,http://www.lifenews.com/2016/10/31/hillary-clintons-campaign-received-multiple-debate-questions-before-debate-new-emails-show/,./malicious/f_221_HillaryClintonsCampa.txt,Hillary Clintons Campaign Received Multiple Debate Questions Before Debate New Emails Show,0,2682,443,10/31/2016,-0.1,7.3,0.999959648
1,374,http://www.yournewswire.com/fbi-clinton-email-pedophile-ring/,./malicious/f_374_ClintonEmailsLinkedT.txt,Clinton Emails Linked To Political Pedophile Sex Ring,1,1528,244,10/31/2016,-0.2,7.7,0.037524614
1,796,http://www.reportme24.com/breaking-hillary-clinton-indicted-prayers-answered/,./malicious/f_796_BREAKINGHillaryClint.txt,BREAKING: Hillary Clinton To Be Indicted… Your Prayers Have Been Answered,0,975,149,10/31/2016,-0.1,4.6,0.100386809
1,587,http://www.freedomsfinalstand.com/huma-abedin-with-muslim-brotherhood-ties-forwarded-classified-national-security-info-to-unknown-emails/,./malicious/f_587_HumaAbedinWithMuslim.txt,Huma Abedin With Muslim Brotherhood Ties Forwarded CLASSIFIED NATIONAL SECURITY Info To Unknown Emails,1,6883,1076,10/31/2016,-0.2,10.3,0.999999911
1,791,http://www.americannews.com/breaking-hillary-clinton-to-be-indicted-your-prayers-have-been-answered/,./malicious/f_791_BREAKINGHillaryClint.txt,BREAKING: Hillary Clinton To Be Indicted Your Prayers Have Been Answered,0,711,115,10/31/2016,-0.4,3.1,0.107064233
1,173,http://www.jewsnews.co.il/2016/11/01/end-for-hillarywikileaks-releases-candid-photos-of-hillary-clinton.html,./malicious/f_173_ENDFORHILLARYWIKILEA.txt,END FOR HILLARYWIKILEAKS Releases Candid Photos Of Hillary Clinton,0,1099,191,11/1/2016,-0.1,3.7,0.178499196
1,392,http://www.infowars.com/sex-magic-on-the-menu-at-spirit-cooking-party-attended-by-john-podesta/,./malicious/f_392_SexMagicOnTheMenuAtS.txt,Sex Magic On The Menu At Spirit Cooking Party Attended By John Podesta  Alex Jones Infowars: Theres a war on for your mind,1,492,77,11/1/2016,0,0.1,0.917978013
1,517,http://www.rickwells.us/chris-matthews-endorses-donald-trump-dismisses-hillary-clinton/,./malicious/f_517_ChrisMatthewsEndorse.txt,Chris Matthews Endorses Donald Trump And Dismisses Hillary Clinton?,1,2246,384,11/1/2016,-0.1,5.8,0.00103141
1,672,http://www.yournewswire.com/michelle-obama-deletes-hillary-clinton-twitter/,./malicious/f_672_MichelleObamaDeletes.txt,Michelle Obama Deletes Hillary Clinton From Twitter,1,1106,180,11/1/2016,-0.1,4.2,0.041053768
1,678,https://www.ihavethetruth.com/2016/11/01/hell-has-frozen-over-michelle-obama-just-made-a-hillary-destroying-move-on-twitter/,./malicious/f_678_HELLHASFROZENOVERMic.txt,HELL HAS FROZEN OVER Michelle Obama Just Made A Hillary-Destroying Move On Twitter,1,2084,332,11/1/2016,-0.1,9.1,0.052313861
1,848,https://www.ihavethetruth.com/2016/11/01/hillary-caught-on-tape-paying-halfway-house-patients-300-to-vote-for-her/,./malicious/f_848_HillaryCAUGHTONTAPEP.txt,Hillary CAUGHT ON TAPE Paying Halfway House Patients 300 to Vote for Her,1,724,122,11/1/2016,-0.2,2.1,0.945620686
1,379,http://www.worldtruth.tv/fbi-insider-clinton-emails-linked-to-political-pedophile-sex-ring/,./malicious/f_379_FBIInsiderClintonEma.txt,FBI Insider: Clinton Emails Linked To Political Pedophile Sex Ring,1,1696,268,11/1/2016,-0.1,6.8,0.872861564
1,521,http://www.thepoliticalinsider.com/chris-matthews-endorses-donald-trump/,./malicious/f_521_LiberalChrisMatthews.txt,Liberal Chris Matthews Just Gave The Best Endorsement Speech For Trump,0,1021,147,11/1/2016,0,3.5,0.905632436
1,524,http://www.angrypatriotmovement.com/did-matthews-endorse-trump/,./malicious/f_524_DidChrisMatthewsJust.txt,Did Chris Matthews Just Endorse Trump? 30-Second Video SHOCKS Hillary,0,3181,553,11/1/2016,0,9.4,0.166723475
1,673,http://www.redstatewatcher.com/article.asp?id=46313,./malicious/f_673_BreakingMichelleObam.txt,Breaking Michelle Obama deletes three years off her Twitter removing references to Hillary,0,237,14,11/1/2016,0,1,0.5
1,675,http://www.100percentfedup.com/yikes-is-something-big-about-to-happen-michelle-obama-erases-any-trace-of-hillary-from-twitter-account/,./malicious/f_675_YIKESIsSomethingBigA.txt,YIKES Is Something Big About To Happen? Michelle Obama Erases Any Trace Of Hillary From Twitter Account  100percentfedUpcom,1,1081,168,11/1/2016,-0.1,4.4,0.048596213
1,676,http://www.conservativetribune.com/michelle-erases-tweets-1-name/,./malicious/f_676_MichelleSanitizesHer.txt,Michelle Sanitizes Her Twitter Deletes Hillary Tweets and Unfollows,1,742,123,11/1/2016,-0.1,3.9,0.970018387
1,677,http://www.thegatewaypundit.com/2016/11/rats-jump-ship-michelle-obama-scrubs-hillary-clinton-twitter-history/,./malicious/f_677_RatsJumpShipMichelle.txt,Rats Jump Ship=> Michelle Obama Scrubs Hillary Clinton from Twitter History?,1,754,121,11/1/2016,-0.3,3,0.025442646
1,681,http://www.worldtruth.tv/michelle-obama-deletes-hillary-clinton-from-twitter/,./malicious/f_681_MichelleObamaDeletes.txt,Michelle Obama Deletes Hillary Clinton From Twitter,1,910,141,11/1/2016,0.1,2.5,0.761129496
1,693,http://www.thefreepatriot.org/hillary-forced-to-cancel-event-after-crowd-begins-chanting-lock-her-up/,./malicious/f_693_HillaryForcedtoCance.txt,Hillary Forced to Cancel Event After Crowd Begins Chanting “Lock Her Up” – The Free Patriot,0,366,61,11/1/2016,0,1.1,0.13203094
1,800,http://www.organicandhealthy.org/2016/11/ireland-is-now-officially-accepting.html,./malicious/f_800_IrelandIsNowOfficial.txt,Ireland Is Now Officially Accepting Trump Refugees From America,0,2174,360,11/1/2016,0,8.3,0.999797076
1,515,http://www.yesimright.com/chris-matthews-calls-hillary-pathetic-before-endorsing-trump-on-live-tv-its-happening/,./malicious/f_515_ChrisMatthewsCallsHi.txt,Chris Matthews Calls Hillary “Pathetic” Before Endorsing Trump On Live TV It’s Happening,1,731,122,11/2/2016,0,3.2,0
1,604,http://www.redstatewatcher.com/article.asp?id=46461,./malicious/f_604_BreakingNYPDJustRaid.txt,Breaking NYPD Just Raided Hillarys Property and What They Found Will Put Her and Bill In Prison,0,1729,257,11/2/2016,-0.4,6,0.091429404
1,607,http://www.everyday24.net/breaking-nypd-just-raided-hillarys-property-and-what-they-found-will-put-her-and-bill-in-prison/,./malicious/f_607_BreakingNYPDJustRaid.txt,Breaking NYPD Just Raided Hillarys Property and What They Found Will Put Her and Bill In Prison,0,559,84,11/2/2016,-0.1,1.4,0.068461014
1,692,http://www.usherald.com/coward-hillary-canceled-recent-public-speech-due-crowd-chanting-lock/,./malicious/f_692_COWARDHillaryCancele.txt,COWARD Hillary Canceled Her Recent Public Speech Due To Crowd CHANTING LOCK HER UP ⋆ US Herald,1,1816,297,11/2/2016,-0.2,4.5,0.018683476
1,375,http://www.fury.news/2016/11/breaking-new-info-emerges-clinton-foundation-hillarys-ties-pedofile-sex-ring/,./malicious/f_375_BREAKINGNewInfoEmerg.txt,BREAKING: New Info Emerges About Clinton Foundation and Hillarys Ties To Pedophile Sex Ring,1,3449,575,11/3/2016,-0.2,11.6,0.064366229
1,563,https://www.conservativedailypost.com/breaking-department-of-homeland-security-chairman-officially-indicts-hillary-clinton-of-treason/,./malicious/f_563_BREAKINGDepartmentof.txt,BREAKING: Department of Homeland Security Chairman Officially Indicts Hillary Clinton Of TREASON,1,2507,417,11/3/2016,-0.1,11.2,0.997415394
1,54,http://www.dailyheadlines.net/2016/11/bombshell-assange-emails-confirm-hillary-sold-weapons-to-isis/,./malicious/f_54_BombshellAssangeEmail.txt,[Bombshell] Assange “Emails Confirm Hillary Sold Weapons To ISIS” – Daily Headlines,1,1727,277,11/4/2016,-0.2,2.2,0.912093222
1,382,http://www.infowars.com/spirit-cooking-clinton-campaign-chairman-invited-to-bizarre-satanic-performance/,./malicious/f_382_SpiritCookingClinton.txt,Spirit Cooking: Clinton Campaign Chairman Practices Bizarre Occult Ritual  Alex Jones Infowars: Theres a war on for your mind,1,4363,660,11/4/2016,-0.1,14.5,0.996137798
1,388,http://www.collective-evolution.com/2016/11/04/strangest-wikileaks-email-yet-podesta-invited-to-bizarre-spirit-cooking-dinner/,./malicious/f_388_PodestaInvitedToBiza.txt,Podesta Invited To Bizarre “Spirit Cooking” Dinner – Collective Evolution,0,4952,821,11/4/2016,0.1,14.6,1
1,393,http://www.yournewswire.com/wikileaks-john-podesta-satanic-spirit-cooking/,./malicious/f_393_JohnPodestaAttendedS.txt,John Podesta Attended Satanic Spirit Cooking Party,0,2558,413,11/4/2016,0,8.3,0.775619805
1,402,http://www.hiddenamericans.com/politics/wikileaks-reveal-podesta-association-satanic-sex-cult/,./malicious/f_402_WikileaksRevealPodes.txt,Wikileaks Reveal Podesta Association To Satanic Sex Cult,0,1101,186,11/4/2016,0,4.4,0.953908354
1,572,http://www.usapoliticsnow.com/breaking-department-homeland-security-chairman-officially-indicts-hillary-clinton-treason/,./malicious/f_572_BREAKINGDEPARTMENTOF.txt,BREAKING: DEPARTMENT OF HOMELAND SECURITY CHAIRMAN OFFICIALLY INDICTS HILLARY CLINTON OF TREASON,1,728,116,11/4/2016,-0.1,2.6,0
1,576,http://www.rickwells.us/hillary-clinton-guilty-treason-homeland-security-chairman-mccaul/,./malicious/f_576_HillaryClintonGuilty.txt,Hillary Clinton Guilty Of Treason,1,3437,554,11/4/2016,0,10,0.999992788
1,577,http://www.truthandaction.org/house-homeland-security-chairman-hillary-committed-treason/,./malicious/f_577_HouseHomelandSecurit.txt,House Homeland Security Chairman: Hillary has Committed Treason,0,995,169,11/4/2016,-0.3,2.1,0.99247551
1,744,http://www.en-volve.com/2016/11/04/its-over-hillarys-isis-email-just-leaked-its-worse-than-anyone-could-have-imagined/,./malicious/f_744_ITSOVERHillarysISISE.txt,IT’S OVER: Hillary’s ISIS Email Just Leaked  It’s Worse Than Anyone Could Have Imagined…,0,54,13,11/4/2016,0.1,0.1,0.5
1,395,http://www.thegatewaypundit.com/2016/11/wow-hillary-camp-blames-putin-john-podesta-invite-satanic-spirit-cooking-party/,./malicious/f_395_WOWHillaryCampBlames.txt,WOW Hillary Camp Blames PUTIN for John Podesta Invite to Satanic Spirit Cooking Party,1,1064,157,11/4/2016,0,6.9,0
1,398,http://www.dailywire.com/news/10501/wikileaks-podesta-may-have-attended-occultic-pardes-seleh,./malicious/f_398_WikiLeaksPodestaMayH.txt,WikiLeaks: Podesta May Have Attended Occultic Spirit Cooking Dinner,0,1981,317,11/4/2016,0.1,6,0.988264531
1,401,http://www.vesselnews.io/wikileaks-john-podesta-attend-satanic-spirit-cooking-ritual-last-year/,./malicious/f_401_WIKILEAKSDidJohnPode.txt,WIKILEAKS: Did John Podesta Attend Satanic Spirit Cooking Ritual Last Year?,1,2797,483,11/4/2016,0,11,0
1,403,http://www.fury.news/2016/11/wikileaks-john-podesta-attended-satanic-orgies-called-spirit-cooking/,./malicious/f_403_WikileaksJohnPodesta.txt,Wikileaks: John Podesta Attended Satanic Orgies Called Spirit Cooking,1,3204,543,11/4/2016,0,13.2,0.030862529
1,362,http://www.alexanderhiggins.com/fbi-agent-behind-hillary-email-leaks-found-dead-murder-suicide/,./malicious/f_362_FBIAgentBehindHillar.txt,FBI Agent Behind Hillary Email Leaks Found Dead In Murder Suicide,0,4474,733,11/5/2016,-0.2,14.5,0
1,407,http://www.truthandaction.org/podesta-email-leak-reveals-participation-satanic-spirit-cooking/,./malicious/f_407_PodestaEmailLeakReve.txt,Podesta Email Leak Reveals Participation in Satanic Spirit Cooking,0,1310,199,11/5/2016,-0.2,5.2,0.840581417
1,583,http://www.yournewswire.com/treason-homeland-security-chairman-hillary-clinto/,./malicious/f_583_HomelandSecurityChai.txt,Homeland Security Chairman Calls For Hillarys Arrest,1,1788,290,11/5/2016,0,6.5,0.852803439
1,588,http://www.thelastlineofdefense.org/woah-hillary-caught-on-hot-mic-trashing-beyonce-with-racial-slurs/,./malicious/f_588_WHOAHillaryCaughtOnH.txt,WHOA Hillary Caught On Hot Mic Trashing Beyonce’ With RACIAL SLURS – The Resistance,1,1109,184,11/5/2016,-0.2,5.2,0.000856233
1,397,http://www.zerohedge.com/news/2016-11-05/spirit-cooking-wikileaks-publishes-most-bizarre-podesta-email-yet,./malicious/f_397_SpiritCookingWikilea.txt,Spirit Cooking: Wikileaks Publishes Most Bizarre Podesta Email Yet,0,5515,883,11/5/2016,0,20.6,0.807619325
1,386,http://www.usapoliticstoday.com/breaking-fbi-just-confirmed-hillary-clintons-membership-spirit-cooking-cult/,./malicious/f_386_FBIJustConfirmedHill.txt,FBI Just Confirmed Hillary Clintons Membership in Spirit Cooking Cult ⋆ USA Politics Today,1,2089,339,11/5/2016,-0.1,7.6,0.906401515
1,394,http://www.sonsoflibertymedia.com/yes-hillary-clinton-john-posesta-satanists-emails-reveal-podesta-attended-spirit-cooking/,./malicious/f_394_EmailsRevealPodestaA.txt,Emails Reveal Podesta Attended Spirit Cooking  Sons of Liberty Media,1,911,160,11/5/2016,-0.1,2.9,0.961868346
1,137,http://www.diyhilfe.com/president-obama-confirms-he-will-refuse-to-leave-office-if-trump-is-elected/,./malicious/f_137_PresidentObamaConfir.txt,President Obama Confirms He Will Refuse To Leave Office If Trump Is Elected,0,1684,295,11/6/2016,0,8.2,0.955977082
1,689,http://www.yesimright.com/hillary-canceled-her-last-public-event-because-the-crowd-yelled-lock-her-up/,./malicious/f_689_HillaryCanceledHerLa.txt,Hillary Canceled Her Last Public Event Because The Crowd Yelled “Lock Her Up”,1,1089,184,11/6/2016,-0.2,5.7,0.77317363
1,368,http://www.morningnewsusa.com/fbi-agent-michael-brown-and-wife-dead-hillary-clinton-cleared-of-all-charges-23119767.html,./malicious/f_368_FBIAgentMichaelBrown.txt,FBI Agent Michael Brown And Wife Dead,1,2436,401,11/7/2016,-0.2,8.8,0
1,569,http://www.truthfeed.com/homeland-security-chairman-hillarys-mishandling-of-classified-information-is-treason/34357/,./malicious/f_569_HomelandSecurityChai.txt,Homeland Security Chairman “Hillary’s Mishandling of Classified Information is Treason” – TruthFeed,1,1898,315,11/7/2016,-0.1,7.6,0.001876068
1,363,http://www.thefreepatriot.org/fbi-agent-suspected-in-hillary-email-leaks-found-dead-in-apparent-murder-suicide/,./malicious/f_363_FBIAgentSuspectedInH.txt,FBI Agent Suspected In Hillary Email Leaks Found Dead In Apparent Murder Suicide – The Free Patriot,0,2580,424,11/7/2016,-0.2,7.9,0
1,531,http://www.endingthefed.com/clinton-campaign-paid-beyonce-and-jay-z-62-million-for-cleveland-concert-to-secure-black-votes.html,./malicious/f_531_ClintonCampaignPaidB.txt,Clinton Campaign Paid Beyonce and Jay Z 62 Million For Cleveland Concert to Secure Black Votes,0,4187,731,11/7/2016,0.1,15,0.99999997
1,582,http://www.endingthefed.com/homeland-security-chairman-hillarys-mishandling-of-classified-information-is-treason.html,./malicious/f_582_HomelandSecurityChai.txt,Homeland Security Chairman “Hillary’s Mishandling of Classified Information is Treason”,0,1724,281,11/7/2016,-0.2,6.5,0.000166243
1,747,http://www.freedomsfinalstand.com/shoking-its-over-hillarys-isis-email-just-leaked-its-worse-than-anyone-could-have-imagined/,./malicious/f_747_SHOKINGITSOVERHillar.txt,SHOKING: IT’S OVER: Hillary’s ISIS Email Just Leaked  It’s Worse Than Anyone Could Have Imagined…,1,2492,433,11/7/2016,-0.1,8.3,0.02336036
1,371,https://www.consamericans.com/2016/11/08/breaking-fbi-agent-wife-found-deceased-suspected-leaking-hillary-emails/,./malicious/f_371_BreakingFBIAgentandH.txt,Breaking: FBI Agent and His Wife Found Deceased After He Was Suspected of Leaking Hillary Emails,1,3250,559,11/8/2016,-0.1,14,0
1,380,http://www.abcnews.com.co/amish-america-commit-vote-donald-trump-mathematically-guaranteeing-presidential-victory/,./malicious/f_380_TheAmishInAmericaCom.txt,The Amish In America Commit Their Vote To Donald Trump; Mathematically Guaranteeing Him A Presidential Victory,1,5535,947,11/8/2016,0,15.5,0
1,733,http://www.jewsnews.co.il/2016/11/08/wow-facebook-analytics-reveal-a-clean-sweep-for-donald-trump-in-this-election-sweeping-42-of-the-50-states.html,./malicious/f_733_WOWFacebookanalytics.txt,WOW Facebook analytics reveal a clean sweep for Donald Trump in this election Sweeping 42 of the 50 states,0,745,116,11/8/2016,-0.3,1.8,0.007581152
1,534,http://www.whatsupic.com/news-politics-usa/1478594349.html,./malicious/f_534_ClintonCampaignPaidB.txt,Clinton Campaign Paid Beyonce and Jay Z 62 Million For Cleveland Concert to Secure Black Votes,0,1376,234,11/8/2016,0,4.3,0.999677539
1,735,http://www.butthatsnoneofmybusiness.com/donald-trump-says-harriet-tubman-face-belongs-foodstamps/,./malicious/f_735_DonaldTrumpSaysHarri.txt,Donald Trump Says Harriet Tubman Face Belongs on Foodstamps,1,616,112,11/8/2016,-0.2,2,0.028169297
1,179,http://www.unilad.co.uk/politics/everyone-is-convinced-kurt-cobain-predicted-president-trump-in-1993/,./malicious/f_179_EveryoneIsConvincedK.txt,Everyone Is Convinced Kurt Cobain Predicted President Trump In 1993,1,1865,297,11/9/2016,-0.2,12.4,0.78893137
1,754,http://www.americanflare.com/imagined-2/,./malicious/f_754_HillarysISISEmailJus.txt,Hillary’s ISIS Email Just Leaked And It’s Worse Than Anyone Could Have Imagined – American Flare,0,919,160,11/10/2016,-0.1,3.5,0.000510274
1,468,http://www.jewsnews.co.il/2016/11/12/hillary-clinton-in-2013-i-would-like-to-see-people-like-donald-trump-run-for-office-theyre-honest-and-cant-be-bought.html,./malicious/f_468_HillaryClintonIn2013.txt,Hillary Clinton In 2013: “I Would Like To See People Like Donald Trump Run For Office; They’re Honest And Can’t Be Bought”,0,2151,363,11/12/2016,0.1,4.4,0.99999997
1,423,http://www.bients.com/pence-michelle-obama-vulgar-first-lady-weve-ever/,./malicious/f_423_MichelleObamaIsTheMo.txt,“Michelle Obama Is The Most Vulgar First Lady We’ve Ever Had”,0,2992,540,12/7/2016,-0.2,11.5,0.006797642
